Row,File,Number,Name,Type,Other,City,Updated,Match,D6?,
1,vol16_001.tif-1,6,ASPELING,,BLOEMHOF FLATS,CAPE TOWN,True,True,
2,vol16_001.tif-2,98,STONE,STREET,,CAPE TOWN,,True,
3,vol16_001.tif-3,1,GLYNN,STREET,,CAPE TOWN,,True,
4,vol16_001.tif-4,242,CALEDON,STREET,,CAPE TOWN,,True,
5,vol16_002.tif-1,118,HARDING,,,CAPE TOWN,,,
6,vol16_002.tif-2,14,SACKSVILLE,STREET,,CAPE TOWN,True,True,
7,vol16_002.tif-3,35,SPRINGFIELD,STREET,,CAPE TOWN,,True,
8,vol16_002.tif-4,"""SEAVIEW""",GLOUCESTER,ROAD,,CAPE TOWN,,True,
9,vol16_003.tif-1,26,SELTARK,STREET,,CAPE TOWN,,,
10,vol16_003.tif-2,58,RUSSELL,STREET,,CAPE TOWN,,True,
11,vol16_003.tif-3,95,CHAPEL,STREET,,CAPE TOWN,,True,
12,vol16_003.tif-4,19,CHAPEL,STREET,,CAPE TOWN,,True,
13,vol16_004.tif-1,2,WILLIAM,STREET,,CAPE TOWN,True,True,
14,vol16_004.tif-2,18,DE KORTE,STREET,,CAPE TOWN,True,True,
15,vol16_004.tif-3,78,VAN DE LEUR,STREET,,CAPE TOWN,,True,
16,vol16_004.tif-4,36,WILLIAM,STREET,,CAPE TOWN,True,True,
17,vol16_005.tif-1,216,CALEDON,STREET,,CAPE TOWN,,True,
18,vol16_005.tif-2,4,COLLEGE,STREET,,CAPE TOWN,,True,
19,vol16_005.tif-3,14,VREDE,STREET,,CAPE TOWN,True,,
20,vol16_005.tif-4,20,AYRE,STREET,,CAPE TOWN,,True,
21,vol16_006.tif-1,197,HANOVER,STREET,,CAPE TOWN,,True,
22,vol16_006.tif-2,79,CONSTITUTION,STREET,,CAPE TOWN,,True,
23,vol16_006.tif-3,62,WILLIAM,STREET,,CAPE TOWN,,True,
24,vol16_006.tif-4,2,GRAY,STREET,,WOODSTOCK,,True,N
25,vol16_007.tif-1,67,CLIFTON,STREET,,CAPE TOWN,,True,
26,vol16_007.tif-2,15,WICHT,STREET,,CAPE TOWN,,True,
27,vol16_007.tif-3,6,PEDERSEN,STREET,,CAPE TOWN,,True,
28,vol16_007.tif-4,24B,PONTAC,STREET,,CAPE TOWN,,True,
29,vol16_008.tif-1,52,CONSTITUTION,STREET,CANTERBURY FLATS,CAPE TOWN,,True,
30,vol16_008.tif-2,11,HORSTLEY,STREET,,CAPE TOWN,,True,
31,vol16_008.tif-3,56,DE VILLIERS,STREET,,CAPE TOWN,True,True,
32,vol16_008.tif-4,30,AYRE,STREET,,CAPE TOWN,,True,
33,vol16_009.tif-1,70,QUEEN,STREET,,CAPE TOWN,,True,
34,vol16_009.tif-2,10A,UPPER ASHLEY,STREET,,CAPE TOWN,,True,
35,vol16_009.tif-3,46,LEE,STREET,,CAPE TOWN,,True,
36,vol16_009.tif-4,19,ST PHILLIPS,STREET,,CAPE TOWN,True,True,
37,vol16_010.tif-1,,ASPELING,,"X6 NEW TOWN, MALROOSFONTIEU, ELISIES RIVER",,True,True,N
38,vol16_010.tif-2,6,ALBERT,STREET,,CAPE TOWN,,True,
39,vol16_010.tif-3,99,ROELAND,STREET,,CAPE TOWN,,True,
40,vol16_010.tif-4,17,GODFREY,STREET,,CAPE TOWN,,True,
41,vol16_011.tif-1,13,SIDNEY,STREET,,CAPE TOWN,,True,
42,vol16_011.tif-2,52,RUSSELL,STREET,,CAPE TOWN,,True,
43,vol16_011.tif-3,69,STONE,STREET,,CAPE TOWN,,True,
44,vol16_011.tif-4,97,ASPELING,,BLOEMHOF FLATS,CAPE TOWN,True,True,
45,vol16_012.tif-1,47,CALEDON,STREET,,CAPE TOWN,,True,
46,vol16_012.tif-2,71,ASPELING,,BLOEMHOF FLATS,CAPE TOWN,True,True,
47,vol16_012.tif-3,6,ASPELING,,LAVENDER HILL,CAPE TOWN,True,True,
48,vol16_012.tif-4,67,GRAY,STREET,,CAPE TOWN,,True,
49,vol16_013.tif-1,23,BRUCE,STREET,,CAPE TOWN,,True,
50,vol16_013.tif-2,100,ASPELING,,BLOEMHOF FLATS,CAPE TOWN,True,True,
51,vol16_013.tif-3,"""BORDEAUX""",DE WAALS,DRIVE,,CAPE TOWN,True,True,
52,vol16_013.tif-4,15,WICHT,STREET,,CAPE TOWN,,True,
53,vol16_014.tif-1,2,EXNER,AVENUE,,CAPE TOWN,,,
54,vol16_014.tif-2,81,QUEEN,STREET,,CAPE TOWN,,True,
55,vol16_014.tif-3,,ASPELING,,NO ADDRESS GIVEN,CAPE TOWN,True,True,
56,vol16_014.tif-4,9,STIRLING,STREET,,CAPE TOWN,,True,
57,vol16_015.tif-1,14,ROSE,STREET,,,,,
58,vol16_015.tif-2,15,SMART,STREET,,CAPE TOWN,,True,
59,vol16_015.tif-3,68,WILLIAM,STREET,,CAPE TOWN,,True,
60,vol16_015.tif-4,,ASPELING,,PORTERVILLE C.P.,,True,True,N
61,vol16_016.tif-1,33,MOUNT,STREET,,CAPE TOWN,,True,
62,vol16_016.tif-2,14,STIRLING,STREET,FLATS,CAPE TOWN,,True,
63,vol16_016.tif-3,6,ADAM,STREET,,CAPE TOWN,,,
64,vol16_016.tif-4,11,MCKENZIE,STREET,,CAPE TOWN,,True,
65,vol16_017.tif-1,43,DE KORTE,STREET,,CAPE TOWN,True,True,
66,vol16_017.tif-2,37,LOCH,STREET,,CAPE TOWN,True,True,
67,vol16_017.tif-3,37,LOCH,STREET,,CAPE TOWN,True,True,
68,vol16_017.tif-4,19,PLYMOUTH,ROAD,,CAPE TOWN,True,True,
69,vol16_018.tif-1,75,LONGMARKET,STREET,,CAPE TOWN,,True,
70,vol16_018.tif-2,53,LOADE,STREET,,CAPE TOWN,,,
71,vol16_018.tif-3,40,ASPELING,,BLOEMHOF FLATS,CAPE TOWN,True,True,
72,vol16_018.tif-4,3,MCINTYRE,LANE,OFF LONGMARKET ST,CAPE TOWN,,,
73,vol16_019.tif-1,3,MCINTYRE,LANE,OFF LONGMARKET ST,CAPE TOWN,,,
74,vol16_019.tif-2,3,MCINTYRE,LANE,OFF LONGMARKET ST,CAPE TOWN,,,
75,vol16_019.tif-3,13,RICHMOND,STREET,,CAPE TOWN,,True,
76,vol16_019.tif-4,60,PONTAC,STREET,,CAPE TOWN,,True,
77,vol16_020.tif-1,41,GRAY,STREET,,CAPE TOWN,,True,
78,vol16_020.tif-2,17,SIDNEY,STREET,,CAPE TOWN,,True,
79,vol16_020.tif-3,43,SACKSVILLE,STREET,,CAPE TOWN,True,True,
80,vol16_020.tif-4,85,ASPELING,STREET,,CAPE TOWN,,True,
81,vol16_021.tif-1,4,SOREY,LANE,OFF MOUNT STREET,CAPE TOWN,,,
82,vol16_021.tif-2,42,LEVER,STREET,,CAPE TOWN,,True,
83,vol16_021.tif-3,12,PARKIN,STREET,,CAPE TOWN,,True,
84,vol16_021.tif-4,191,LOOP,STREET,,CAPE TOWN,,,
85,vol16_022.tif-1,5,CROSS,LANE,,CAPE TOWN,,True,
86,vol16_022.tif-2,14 A,WILLIAM,STREET,,CAPE TOWN,,True,
87,vol16_022.tif-3,14 A,WILLIAM,STREET,,CAPE TOWN,,True,
88,vol16_022.tif-4,55,RUSSELL,STREET,,CAPE TOWN,,True,
89,vol16_023.tif-1,149,ASPELING,,BLOEMHOF FLATS,CAPE TOWN,True,True,
90,vol16_023.tif-2,39,VAN DE LEUR,STREET,,CAPE TOWN,,True,
91,vol16_023.tif-3,33,SPRINGFIELD,STREET,,CAPE TOWN,,True,
92,vol16_023.tif-4,31,MILTON,STREET,,CAPE TOWN,True,,
93,vol16_024.tif-1,14 A,STONE,STREET,,CAPE TOWN,,True,
94,vol16_024.tif-2,88,CONSTITUTION,STREET,,CAPE TOWN,,True,
95,vol16_024.tif-3,36,DE VILLIERS,STREET,,CAPE TOWN,True,True,
96,vol16_024.tif-4,4,TILBURY,STREET,,CAPE TOWN,,True,
97,vol16_025.tif-1,61,ELIZABETH,DRIVE,,ATHLONE,,,N
98,vol16_025.tif-2,69,CONSTITUTION,STREET,,CAPE TOWN,,True,
99,vol16_025.tif-3,115,ROELAND,STREET,,CAPE TOWN,,True,
100,vol16_025.tif-4,54,CHESTER,ROAD,WALMER ESTATE,CAPE TOWN,,True,
101,vol16_026.tif-1,54,CHESTER,ROAD,,CAPE TOWN,,True,
102,vol16_026.tif-2,57 A,CONSTITUTION,STREET,,CAPE TOWN,,True,
103,vol16_026.tif-3,10,CANNON,STREET,,CAPE TOWN,,True,
104,vol16_026.tif-4,37,VERNON,TERRACE,,CAPE TOWN,,True,
105,vol16_027.tif-1,20,PARKIN,STREET,,CAPE TOWN,,True,
106,vol16_027.tif-2,33,ASPELING,,BLOEMHOF FLATS,CAPE TOWN,True,True,
107,vol16_027.tif-3,66,QUEEN,STREET,,CAPE TOWN,,True,
108,vol16_027.tif-4,221,ASPELING,,BLOEMHOF FLATS,CAPE TOWN,True,True,
109,vol16_028.tif-1,46,ECKARD,STREET,,CAPE TOWN,,True,
110,vol16_028.tif-2,46,ECKARD,STREET,,CAPE TOWN,,True,
111,vol16_028.tif-3,43,ASPELING,,BLOEMHOF FLATS,CAPE TOWN,True,True,
112,vol16_028.tif-4,46,WILLIAM,STREET,,CAPE TOWN,True,True,
113,vol16_029.tif-1,99,CONSTITUTION,STREET,,CAPE TOWN,,True,
114,vol16_029.tif-2,10,ALBERT,STREET,,CAPE TOWN,,True,
115,vol16_029.tif-3,64,ASPELING,STREET,,CAPE TOWN,,True,
116,vol16_029.tif-4,64,DE VILLIERS,STREET,,CAPE TOWN,True,True,
117,vol16_030.tif-1,113,HANOVER,STREET,,CAPE TOWN,,True,
118,vol16_030.tif-2,26,MAWSEN,AVENUE,GARDEN VILLAGE,MAITLAND,,,N
119,vol16_030.tif-3,16,HANOVER,STREET,,CAPE TOWN,,True,
120,vol16_030.tif-4,16,HANOVER,STREET,,CAPE TOWN,,True,
121,vol16_031.tif-1,29,STONE,STREET,,CAPE TOWN,,True,
122,vol16_031.tif-2,106,SIR LOWRY,ROAD,,CAPE TOWN,,True,
123,vol16_031.tif-3,13,DUKE,STREET,,WOODSTOCK,,,N
124,vol16_031.tif-4,8,COFFEE,LANE,,CAPE TOWN,,,
125,vol16_032.tif-1,159,CONSTITUTION,STREET,BLOEMHOF FLATS,CAPE TOWN,,True,
126,vol16_032.tif-2,14,BEVERLEY,STREET,,ATHLONE CAPE,,,N
127,vol16_032.tif-3,132,HANOVER,STREET,,CAPE TOWN,,True,
128,vol16_032.tif-4,,KLOOF NEK,ROAD,HUGA VALE,,,,
129,vol16_033.tif-1,11,NEW MARKET,STREET,CITY GATES,CAPE TOWN,,True,
130,vol16_033.tif-2,60,ASPELING,,CANTERBURY FLATS,CAPE TOWN,True,True,
131,vol16_033.tif-3,15,SMART,STREET,,CAPE TOWN,,True,
132,vol16_033.tif-4,,CANTURBURY,STREET,TAFELBERG HOSTEL,CAPE TOWN,True,True,
133,vol16_034.tif-1,28,MAWSEU,AVENUE,,"GARDEN VILLAGES, MAITLAND",,,N
134,vol16_034.tif-2,207,ASPELING,,BLOEMHOF FLATS,CAPE TOWN,True,True,
135,vol16_034.tif-3,2,MARSDEN,ROAD,"FOREST VIEW, WALMER ESTATE",CAPE TOWN,,True,
136,vol16_034.tif-4,61,STUCKERIS,STREET,,CAPE TOWN,True,True,
137,vol16_035.tif-1,175,HANOVER,STREET,,CAPE TOWN,,True,
138,vol16_035.tif-2,4,ROBINSON,STREET,,CAPE TOWN,,True,
139,vol16_035.tif-3,72,VAN DE LEUR,STREET,,CAPE TOWN,,True,
140,vol16_035.tif-4,138,ASPELING,,BLOEMHOF FLATS,,True,True,
141,vol16_036.tif-1,48,SURREY,STREET,,GOODWOOD,,,N
142,vol16_036.tif-2,38,REFORM,STREET,,CAPE TOWN,,True,
143,vol16_036.tif-3,10,COFFEE,LANE,,CAPE TOWN,,,
144,vol16_036.tif-4,90,CANTURBURY,STREET,,CAPE TOWN,True,True,
145,vol16_037.tif-1,36,HARRINGTON,STREET,,CAPE TOWN,,True,
146,vol16_037.tif-2,23,CANTURBURY,STREET,,CAPE TOWN,True,True,
147,vol16_037.tif-3,183,CALEDON,STREET,,CAPE TOWN,,True,
148,vol16_037.tif-4,13,ST VINCENT,STREET,,CAPE TOWN,True,True,
149,vol16_038.tif-1,8,COFFEE,LANE,,CAPE TOWN,,,
150,vol16_038.tif-2,61,CONSTITUTION,STREET,,CAPE TOWN,,True,
151,vol16_038.tif-3,64,ASPELING,,CANTERBURY FLATS,,True,True,
152,vol16_038.tif-4,,TEMATON ROAD,,,ATHLONE,,,N
153,vol16_039.tif-1,4,PROSPECT,AVENUE,,CAPE TOWN,,True,
154,vol16_039.tif-2,35,ROGER,STREET,,CAPE TOWN,,True,
155,vol16_039.tif-3,35,ROGER,STREET,,CAPE TOWN,,True,
156,vol16_039.tif-4,23,JOHNS,COURT,,MOWBRAY,,,N
157,vol16_040.tif-1,93,ASPELING,,BLOEMHOF FLATS,CAPE TOWN,True,True,
158,vol16_040.tif-2,56,DE VILLIERS,STREET,,CAPE TOWN,True,True,
159,vol16_040.tif-3,,WORCESTER,ROAD,"""HEADLEY""",CAPE TOWN,,True,
160,vol16_040.tif-4,6,LESAR,STREET,,CAPE TOWN,True,True,
161,vol16_041.tif-1,,ASPELING,,,,True,True,
162,vol16_041.tif-2,5A,OAK,STREET,,CAPE TOWN,,True,
163,vol16_041.tif-3,5,VICTORIA,ROAD,,WOODSTOCK,,,N
164,vol16_041.tif-4,48,DE VILLIERS,STREET,,CAPE TOWN,True,True,
165,vol16_042.tif-1,71,SIR LOWRY,ROAD,,CAPE TOWN,True,True,
166,vol16_042.tif-2,2,MUIR,STREET,,CAPE TOWN,,True,
167,vol16_042.tif-3,4,WORCESTER,ROAD,CHINA VILLA,CAPE TOWN,,True,
168,vol16_042.tif-4,69,WILLIAM,STREET,,CAPE TOWN,,True,
169,vol16_043.tif-1,12,VREDENDAL,ROAD,GLEEMOR,ATHLONE,,,N
170,vol16_043.tif-2,3A,PRINCESS,STREET,WALMER ESTATE,CAPE TOWN,,True,N
171,vol16_043.tif-3,48,LONGMARKET,STREET,,CAPE TOWN,,True,
172,vol16_043.tif-4,,HAMILTON,ROAD,"""HOPEWELL""",CLAREMONT,,,N
173,vol16_044.tif-1,17,GODFREY,STREET,,CAPE TOWN,,True,
174,vol16_044.tif-2,284,HANOVER,STREET,,CAPE TOWN,,True,
175,vol16_044.tif-3,284,HANOVER,STREET,,CAPE TOWN,,True,
176,vol16_044.tif-4,23,PARKIN,STREET,,CAPE TOWN,True,True,
177,vol16_045.tif-1,23,PARKIN,STREET,,CAPE TOWN,True,True,
178,vol16_045.tif-2,62,WILLIAM,STREET,,CAPE TOWN,,True,
179,vol16_045.tif-3,24,WILLIAM,STREET,,CAPE TOWN,,True,
180,vol16_045.tif-4,134,ASPELING,STREET,,CAPE TOWN,,True,
181,vol16_046.tif-1,269,ASPELING,,BLOEMHOF FLATS,CAPE TOWN,True,True,
182,vol16_046.tif-2,16,WINDSOR,STREET,,CAPE TOWN,,True,
183,vol16_046.tif-3,12,AMSTERDAM,STREET,,CAPE TOWN,,,
184,vol16_046.tif-4,2,HIGH,STREET,,CAPE TOWN,,True,
185,vol16_047.tif-1,30,HORSTLEY,STREET,,CAPE TOWN,,True,
186,vol16_047.tif-2,140,CALEDON,STREET,,CAPE TOWN,,True,
187,vol16_047.tif-3,123A,UPPER CONSTITUTION,STREET,,CAPE TOWN,,True,
188,vol16_047.tif-4,14,FRERE,STREET,,CAPE TOWN,,True,
189,vol16_048.tif-1,91,ASPELING,,BLOEMHOF FLATS,CAPE TOWN,True,True,
190,vol16_048.tif-2,5,OXFORD,PLACE,,CAPE TOWN,,True,
191,vol16_048.tif-3,8,ARUNDEL,STREET,,CAPE TOWN,,True,
192,vol16_048.tif-4,73,CONSTITUTION,STREET,,CAPE TOWN,,True,
193,vol16_049.tif-1,134,ASPELING,STREET,,CAPE TOWN,,True,
194,vol16_049.tif-2,113,HARRINGTON,STREET,,CAPE TOWN,,True,
195,vol16_049.tif-3,34,NILE,STREET,,CAPE TOWN,,True,
196,vol16_049.tif-4,287,ASPELING,,BLOEMHOF FLATS,CAPE TOWN,True,True,
197,vol16_050.tif-1,,ASPELING,,,HOUT BAY,True,True,N
198,vol16_050.tif-2,10,COFFEE,LANE,,CAPE TOWN,,,
199,vol16_050.tif-3,10,COFFEE,LANE,,CAPE TOWN,,,
200,vol16_050.tif-4,39,VAN DE LEUR,STREET,,,,True,
201,vol16_051.tif-1,39,VAN DE LEUR,STREET,,CAPE TOWN,,True,
202,vol16_051.tif-2,69,UPPER ASHLEY,STREET,,CAPE TOWN,,True,
203,vol16_051.tif-3,4,HARRINGTON,STREET,BUTLER SQUARE OFFICES,CAPE TOWN,,True,
204,vol16_051.tif-4,44,GYMPIE,STREET,,WOODSTOCK,,,N
205,vol16_052.tif-1,4,OSBORNE,STREET,,CAPE TOWN,,True,
206,vol16_052.tif-2,60,WILLIAM,STREET,,CAPE TOWN,,True,
207,vol16_052.tif-3,12,VINE,STREET,,MOWBRAY,,,N
208,vol16_052.tif-4,38,TENNANT,STREET,,CAPE TOWN,,True,
209,vol16_053.tif-1,3,LEE,STREET,,CAPE TOWN,,True,
210,vol16_053.tif-2,3,LEE,STREET,,CAPE TOWN,,True,
211,vol16_053.tif-3,16,MC GREGOR,STREET,,CAPE TOWN,True,True,
212,vol16_053.tif-4,109,CANTURBURY,STREET,,CAPE TOWN,True,True,
213,vol16_054.tif-1,42,ALBERT,ROAD,,CAPE TOWN,,True,
214,vol16_054.tif-2,5,OXFORD,STREET,,CAPE TOWN,,True,
215,vol16_054.tif-3,22,PRIMROSE,STREET,,CAPE TOWN,,True,
216,vol16_054.tif-4,81,TENNANT,STREET,,CAPE TOWN,,True,
217,vol16_055.tif-1,81,TENNANT,STREET,,CAPE TOWN,,True,
218,vol16_055.tif-2,81,TENNANT,STREET,,CAPE TOWN,,True,
219,vol16_055.tif-3,10,COFFEE,LANE,,CAPE TOWN,,,
220,vol16_055.tif-4,10,COFFEE,LANE,,CAPE TOWN,,,
221,vol16_056.tif-1,28,ROELAND,STREET,,CAPE TOWN,,True,
222,vol16_056.tif-2,,ASPELING,,,,True,True,
223,vol16_056.tif-3,8,COLLEGE,STREET,,CAPE TOWN,,True,
224,vol16_056.tif-4,49,NAPIER,STREET,,CAPE TOWN,,,
225,vol16_057.tif-1,3,MARSDEN,ROAD,,WALMER ESTATE CAPE TOWN,,True,N
226,vol16_057.tif-2,55,MOUNT,STREET,,CAPE TOWN,,True,
227,vol16_057.tif-3,43,WILLIAM,STREET,,CAPE TOWN,,True,
228,vol16_057.tif-4,136,CALEDON,STREET,,CAPE TOWN,,True,
229,vol16_058.tif-1,24,AYRE,STREET,,CAPE TOWN,True,True,
230,vol16_058.tif-2,24,AYRE,STREET,,CAPE TOWN,True,True,
231,vol16_058.tif-3,6,WINDSOR,STREET,,CAPE TOWN,,True,
232,vol16_058.tif-4,"""COLINDALE""",ASPELING,,HAZENDAL ESTATE,??,True,True,N
233,vol16_059.tif-1,30,PARKIN,STREET,,CAPE TOWN,,True,
234,vol16_059.tif-2,15,DE VILLIERS,STREET,,CAPE TOWN,True,True,
235,vol16_059.tif-3,33,MILTON,STREET,,CAPE TOWN,,,
236,vol16_059.tif-4,2A,RICHMOND,STREET,,CAPE TOWN,,True,
237,vol16_060.tif-1,6,ASPELING,,BLOEMHOF FLATS,CAPE TOWN,True,True,
238,vol16_060.tif-2,59,WILLIAM,STREET,,CAPE TOWN,,True,
239,vol16_060.tif-3,11,CHESTER,ROAD,,CAPE TOWN,,True,
240,vol16_060.tif-4,295,ASPELING,,BLOEMHOF FLATS,CAPE TOWN,True,True,
241,vol16_061.tif-1,104,UPPER ASHLEY,STREET,,CAPE TOWN,,True,
242,vol16_061.tif-2,1,SMART,STREET,,CAPE TOWN,,True,
243,vol16_061.tif-3,18,KENT,STREET,,CAPE TOWN,,True,
244,vol16_061.tif-4,8,GRAY,STREET,,WOODSTOCK,True,True,N
245,vol16_062.tif-1,8,SMART,LANE,,CAPE TOWN,,True,
246,vol16_062.tif-2,9,VREDE,STREET,,CAPE TOWN,,,
247,vol16_062.tif-3,17 A,NILE,STREET,,CAPE TOWN,,True,
248,vol16_062.tif-4,65,CONSTITUTION,STREET,,CAPE TOWN,,True,
249,vol16_063.tif-1,1,AYRE,STREET,,CAPE TOWN,True,True,
250,vol16_063.tif-2,5,CONSTITUTION,STREET,FLATS,CAPE TOWN,,True,
251,vol16_063.tif-3,15 A,JAMIESON,STREET,,CAPE TOWN,,,
252,vol16_063.tif-4,20,IRENE,STREET,,CAPE TOWN,,,
253,vol16_064.tif-1,75,WILLIAM,STREET,,CAPE TOWN,,True,
254,vol16_064.tif-2,63,LEE,STREET,,CAPE TOWN,,True,
255,vol16_064.tif-3,48,GRAY,STREET,,CAPE TOWN,,True,
256,vol16_064.tif-4,14,ST LEDGER,STREET,,CAPE TOWN,,,
257,vol16_065.tif-1,52,SHEPPARD,STREET,,CAPE TOWN,,True,
258,vol16_065.tif-2,50,ASPELING,,BLOEMHOF FLATS,CAPE TOWN,True,True,
259,vol16_065.tif-3,339,HANOVER,STREET,,CAPE TOWN,,True,
260,vol16_065.tif-4,24,AYRE,STREET,,CAPE TOWN,,True,
261,vol16_066.tif-1,8,SMART,LANE,,CAPE TOWN,,True,
262,vol16_066.tif-2,114,CHAPEL,STREET,,CAPE TOWN,,True,
263,vol16_066.tif-3,27,VIRGINIA,STREET,,CAPE TOWN,,True,
264,vol16_066.tif-4,75,ASPELING,STREET,,CAPE TOWN,,True,
265,vol16_067.tif-1,283,ASPELING,,BLOEMHOF FLATS,CAPE TOWN,True,True,
266,vol16_067.tif-2,59,WILLIAM,STREET,,CAPE TOWN,,True,
267,vol16_067.tif-3,98,STONE,STREET,,CAPE TOWN,,True,
268,vol16_067.tif-4,4,LAVENDER,HILL,,CAPE TOWN,,True,
269,vol16_068.tif-1,13,GRANT,STREET,,OBSERVATORY,,,N
270,vol16_068.tif-2,72,QUEEN,ROAD,,"WALMER ESTATE, CAPE TOWN",True,True,N
271,vol16_068.tif-3,30,WORCESTER,ROAD,,CAPE TOWN,,True,
272,vol16_068.tif-4,"""DAWN""",ALBERT,ROAD,,LANSDOWNE,,True,N
273,vol16_069.tif-1,8,SACKSVILLE,STREET,,CAPE TOWN,True,True,
274,vol16_069.tif-2,75,WILLIAM,STREET,,CAPE TOWN,,True,
275,vol16_069.tif-3,,MOUNT,STREET,,CAPE TOWN,,True,
276,vol16_069.tif-4,43,LOCH,ROAD,,RONDEBOSCH,,True,N
277,vol16_070.tif-1,37,ST SISOM,ROAD,,ATHLONE,,,N
278,vol16_070.tif-2,38,DE KORTE,STREET,,CAPE TOWN,,True,
279,vol16_070.tif-3,217,CALEDON,STREET,,CAPE TOWN,,True,
280,vol16_070.tif-4,5,STIRLING,STREET,,CAPE TOWN,,True,
281,vol16_071.tif-1,20,WINDSOR,STREET,,CAPE TOWN,,True,
282,vol16_071.tif-2,24,AYRE,STREET,FLAT 3,CAPE TOWN,True,True,
283,vol16_071.tif-3,6,LAVENDER HILL,,,CAPE TOWN,,,
284,vol16_071.tif-4,92,FRANCIS,STREET,,CAPE TOWN,,True,
285,vol16_072.tif-1,18,PRIMROSE,STREET,,CAPE TOWN,,True,
286,vol16_072.tif-2,43,LONGMARKET,STREET,,CAPE TOWN,,True,
287,vol16_072.tif-3,48,IRENE,STREET,,CAPE TOWN,,,
288,vol16_072.tif-4,18,PRIMROSE,STREET,,CAPE TOWN,,True,
289,vol16_073.tif-1,24B,PONTAC,STREET,,CAPE TOWN,True,True,
290,vol16_073.tif-2,65,ASPELING,STREET,,CAPE TOWN,,True,
291,vol16_073.tif-3,142,ASPELING,,BLOEMHOF FLATS,CAPE TOWN,True,True,
292,vol16_073.tif-4,83,ROGER,STREET,,CAPE TOWN,,True,
293,vol16_074.tif-1,1,INVERY,PLACE,,CAPE TOWN,,True,
294,vol16_074.tif-2,16,GLOUCESTER,ROAD,,CAPE TOWN,,True,
295,vol16_074.tif-3,15,RUSSELL,STREET,,CAPE TOWN,,True,
296,vol16_074.tif-4,78,VAN DE LEUR,STREET,,CAPE TOWN,,True,
297,vol16_075.tif-1,3,ASPELING,STREET,,CAPE TOWN,,True,
298,vol16_075.tif-2,7,SPRINGFIELD,STREET,,CAPE TOWN,,True,
299,vol16_075.tif-3,134,CONSTITUTION,STREET,,CAPE TOWN,,True,
300,vol16_075.tif-4,46,BALIMORAL,STREET,,CAPE TOWN,,True,
301,vol16_076.tif-1,46,BALIMORAL,STREET,,,,True,
302,vol16_076.tif-2,7,SPRINGFIELD,STREET,,,,True,
303,vol16_076.tif-3,56,CHESTER,ROAD,,WALMER ESTATE,,True,N
304,vol16_076.tif-4,1,ASPELING,,PALYTHE FLATS,,True,True,
305,vol16_077.tif-1,183,CALEDON,COURT,,CAPE TOWN,,True,
306,vol16_077.tif-2,32,NILE,STREET,,CAPE TOWN,,True,
307,vol16_077.tif-3,33,NILE,STREET,,CAPE TOWN,,True,
308,vol16_077.tif-4,5,VAN DE LEUR,STREET,,CAPE TOWN,,True,
309,vol16_078.tif-1,39,ASPELING,,BLOEMHOF FLATS,CAPE TOWN,True,True,
310,vol16_078.tif-2,71,ASPELING,,BLOEMHOF FLATS,CAPE TOWN,True,True,
311,vol16_078.tif-3,52,ASPELING,,BLOEMHOF FLATS,CAPE TOWN,True,True,
312,vol16_078.tif-4,29,CANTURBURY,STREET,,CAPE TOWN,True,True,
313,vol16_079.tif-1,8,MC GREGOR,STREET,,CAPE TOWN,True,True,
314,vol16_079.tif-2,7,PRINCESS,STREET,,CAPE TOWN,,True,
315,vol16_079.tif-3,164,UPPER CONSTITUTION,STREET,,CAPE TOWN,,True,
316,vol16_079.tif-4,38,WICHT,STREET,,CAPE TOWN,True,True,
317,vol16_080.tif-1,102,CONSTITUTION,STREET,,CAPE TOWN,,True,
318,vol16_080.tif-2,106,SIR LOWRY,ROAD,,CAPE TOWN,,True,
319,vol16_080.tif-3,48,WILLIAM,STREET,,CAPE TOWN,,True,
320,vol16_080.tif-4,11,LOCH,STREET,,CAPE TOWN,True,True,
321,vol16_081.tif-1,61,TENNANT,STREET,,CAPE TOWN,,True,
322,vol16_081.tif-2,,ASPELING,,FLAT 9 BLOCK 14,Q TOWN,True,True,N
323,vol16_081.tif-3,189,CALEDON,STREET,,CAPE TOWN,,True,
324,vol16_081.tif-4,159,ASPELING,,BLOEMHOF FLATS,CAPE TOWN,True,True,
325,vol16_082.tif-1,14,SACKSVILLE,STREET,,CAPE TOWN,True,True,
326,vol16_082.tif-2,41,CONSTITUTION,STREET,,CAPE TOWN,,True,
327,vol16_082.tif-3,98,ASPELING,STREET,,CAPE TOWN,,True,
328,vol16_082.tif-4,9,WORCESTER,STREET,,"WALMER ESTATE, CAPE TOWN",,True,N
329,vol16_083.tif-1,157A,SIR LOWRY,ROAD,,CAPE TOWN,,True,
330,vol16_083.tif-2,100,ASPELING,,BLOEMHOF FLATS,CAPE TOWN,True,True,
331,vol16_083.tif-3,,TOBUIR ROAD,ROAD,"""THALS COTTAGES""",CONSTANTIA,,,N
332,vol16_083.tif-4,64,UPPER ASHLEY,STREET,,CAPE TOWN,,True,
333,vol16_084.tif-1,128,HARRINGTON,STREET,,CAPE TOWN,,True,
334,vol16_084.tif-2,19,CHAPEL,STREET,,CAPE TOWN,,True,
335,vol16_084.tif-3,44,BALIMORAL,STREET,,CAPE TOWN,True,True,
336,vol16_084.tif-4,6,ALBERT,STREET,,CAPE TOWN,,True,
337,vol16_085.tif-1,102,CONSTITUTION,STREET,,CAPE TOWN,,True,
338,vol16_085.tif-2,37,CONSTITUTION,STREET,,CAPE TOWN,,True,
339,vol16_085.tif-3,18,VICTORIA,ROAD,,WOODSTOCK,,,N
340,vol16_085.tif-4,18,LONGMARKET,STREET,,CAPE TOWN,,True,
341,vol16_086.tif-1,61,WILLIAM,STREET,,CAPE TOWN,,True,
342,vol16_086.tif-2,61,WILLIAM,STREET,,CAPE TOWN,,True,
343,vol16_086.tif-3,61,WILLIAM,STREET,,CAPE TOWN,,True,
344,vol16_086.tif-4,31,ROOS,STREET,,CAPE TOWN,,True,
345,vol16_087.tif-1,12,SPRINGFIELD,TERRACE,,CAPE TOWN,,True,
346,vol16_087.tif-2,6,ASPELING,,BLOEMHOF FLATS,CAPE TOWN,True,True,
347,vol16_087.tif-3,18,PRIMROSE,STREET,,CAPE TOWN,,True,
348,vol16_087.tif-4,259,ASPELING,,BLOEMHOF FLATS,CAPE TOWN,True,True,
349,vol16_088.tif-1,2,UPPER NELSON,STREET,,CAPE TOWN,,,
350,vol16_088.tif-2,11,ECKARD,STREET,,CAPE TOWN,True,True,
351,vol16_088.tif-3,46,WILLIAM,STREET,,CAPE TOWN,,True,
352,vol16_088.tif-4,238,CALEDON,STREET,,CAPE TOWN,,True,
353,vol16_089.tif-1,95,CHAPEL,STREET,,CAPE TOWN,,True,
354,vol16_089.tif-2,6,RICHMOND,STREET,,CAPE TOWN,,True,
355,vol16_089.tif-3,,ASPELING,,,CAPE TOWN,True,True,
356,vol16_089.tif-4,19,ST LEDGER,STREET,,CAPE TOWN,,,
357,vol16_090.tif-1,41,CONSTITUTION,STREET,,CAPE TOWN,,True,
358,vol16_090.tif-2,56,ASPELING,STREET,,CAPE TOWN,,True,
359,vol16_090.tif-3,9,ARUNDEL,STREET,,CAPE TOWN,,True,
360,vol16_090.tif-4,121,ANDERSEN,STREET,,GOODWOOD,,,N
361,vol16_091.tif-1,5,OAK,STREET,,CAPE TOWN,,True,
362,vol16_091.tif-2,3,MCINTYRE,LANE,,,,,
363,vol16_091.tif-3,71,ASPELING,,BLOEMHOF FLATS,CAPE TOWN,True,True,
364,vol16_091.tif-4,115,ROELAND,STREET,,,,True,
365,vol16_092.tif-1,275,ASPELING,,BLOEMHOF FLATS,CAPE TOWN,True,True,
366,vol16_092.tif-2,5,OXFORD,PLACE,,CAPE TOWN,,True,
367,vol16_092.tif-3,45,PARK,ROAD,,WALMER ESTATE,,,N
368,vol16_092.tif-4,69,WILLIAM,STREET,,CAPE TOWN,,True,
369,vol16_093.tif-1,84,HARRINGTON,STREET,,CAPE TOWN,,True,
370,vol16_093.tif-2,169,CONSTITUTION,STREET,,CAPE TOWN,,True,
371,vol16_093.tif-3,,ASPELING,,,,True,True,
372,vol16_093.tif-4,15,UPPER NELSON,STREET,,CAPE TOWN,,,
373,vol16_094.tif-1,6,HIGH,STREET,,CAPE TOWN,,True,
374,vol16_094.tif-2,5,ROBINSON,STREET,,CAPE TOWN,,True,
375,vol16_094.tif-3,8,COFFEE,LANE,,CAPE TOWN,,,
376,vol16_094.tif-4,62,UPPER ASHLEY,STREET,,CAPE TOWN,,True,
377,vol16_095.tif-1,160,ASPELING,,BLOEMHOF FLATS,CAPE TOWN,True,True,
378,vol16_095.tif-2,32,NILE,STREET,,CAPE TOWN,,True,
379,vol16_095.tif-3,24,STUCKERIS,STREET,,CAPE TOWN,,True,
380,vol16_095.tif-4,94,HORSTLEY,STREET,,CAPE TOWN,,True,
381,vol16_096.tif-1,37,VERNON,TERRACE,,CAPE TOWN,,True,
382,vol16_096.tif-2,2,PROSPECT,AVENUE,,CAPE TOWN,,True,
383,vol16_096.tif-3,2,MARSDEN,ROAD,FOREST VIEW,WALMER ESTATE,,True,N
384,vol16_096.tif-4,40,WICHT,STREET,,CAPE TOWN,,True,
385,vol16_097.tif-1,2,FIRST,AVENUE,,CRAWFORD CAPE,,,N
386,vol16_097.tif-2,3,KLAPPERBOS,STREET,,Q TOWN,,,N
387,vol16_097.tif-3,15,SMART,STREET,,CAPE TOWN,,True,
388,vol16_097.tif-4,59,SHEPPARD,STREET,,CAPE TOWN,,True,
389,vol16_098.tif-1,,ASPELING,,B.B. 33 MATROOSFONTEIN,,True,True,N
390,vol16_098.tif-2,64,DE VILLIERS,STREET,,CAPE TOWN,,True,
391,vol16_098.tif-3,129,CHAPEL,STREET,,CAPE TOWN,,True,
392,vol16_098.tif-4,1,MOUNT,LANE,,CAPE TOWN,,True,
393,vol16_099.tif-1,16,KENT,STREET,,CAPE TOWN,,True,
394,vol16_099.tif-2,64,ASPELING,,BLOEMHOF FLATS,CAPE TOWN,True,True,
395,vol16_099.tif-3,75,PIET RETIEF,STREET,,TIGER VALLEY,,,N
396,vol16_099.tif-4,291,HANOVER,STREET,,CAPE TOWN,,True,
397,vol16_100.tif-1,115,ROELAND,STREET,,CAPE TOWN,,True,
398,vol16_100.tif-2,26,SELKIRK,STREET,,CAPE TOWN,,,
399,vol16_100.tif-3,23,PARKIN,STREET,,CAPE TOWN,,True,
400,vol16_100.tif-4,207,ASPELING,,BLOEMHOF FLATS,CAPE TOWN,True,True,
401,vol16_101.tif-1,41,STUCKERIS,STREET,,CAPE TOWN,,True,
402,vol16_101.tif-2,183,ASPELING,,BLOEMHOF FLATS,CAPE TOWN,True,True,
403,vol16_101.tif-3,105,ASPELING,,BLOEMHOF FLATS,CAPE TOWN,True,True,
404,vol16_101.tif-4,214,ASPELING,,BLOEMHOF FLATS,CAPE TOWN,True,True,
405,vol16_102.tif-1,47,ALBERT,ROAD,,WOODSTOCK,,True,N
406,vol16_102.tif-2,24,CANNON,STREET,,CAPE TOWN,,True,
407,vol16_102.tif-3,38 A,TENNANT,STREET,,CAPE TOWN,,True,
408,vol16_102.tif-4,72,COVENTON,ROAD,,SUNNYSIDE ATHLONE,,,N
409,vol16_103.tif-1,32,ASPELING,,CANTERBURY FLATS,,True,True,
410,vol16_103.tif-2,68,ASPELING,,BLOEMHOF FLATS,,True,True,
411,vol16_103.tif-3,38 A,TENNANT,STREET,,CAPE TOWN,,True,
412,vol16_103.tif-4,154,STRAND,STREET,,CAPE TOWN,,,
413,vol16_104.tif-1,35,OLYMPIC,CRESCENT,,"SILVER TOWN, ATHLONE",,,N
414,vol16_104.tif-2,4,STONE,STREET,,CAPE TOWN,,True,
415,vol16_104.tif-3,9,GRAY,STREET,,WOODSTOCK,True,True,N
416,vol16_104.tif-4,6,RICHMOND,STREET,,CAPE TOWN,,True,
417,vol16_105.tif-1,80,ASPELING,,BLOEMHOF FLATS,CAPE TOWN,True,True,
418,vol16_105.tif-2,2,SMART,LANE,,CAPE TOWN,,True,
419,vol16_105.tif-3,205,CALEDON,STREET,,CAPE TOWN,,True,
420,vol16_105.tif-4,19,RUSSELL,STREET,,CAPE TOWN,,True,
421,vol16_106.tif-1,72,ASPELING,,BLOEMHOF FLATS,CAPE TOWN,True,True,
422,vol16_106.tif-2,131,ASPELING,,BLOEMHOF FLATS,CAPE TOWN,True,True,
423,vol16_106.tif-3,44,STONE,STREET,,CAPE TOWN,,True,
424,vol16_106.tif-4,31,PARK,ROAD,,RONDEBOSCH CAPE,,,N
425,vol16_107.tif-1,,HARRINGTON,STREET,,CAPE TOWN,,True,
426,vol16_107.tif-2,383 A,HANOVER,STREET,,CAPE TOWN,,True,
427,vol16_107.tif-3,22,KENT,STREET,,CAPE TOWN,,True,
428,vol16_107.tif-4,66,ASPELING,STREET,,CAPE TOWN,,True,
429,vol16_108.tif-1,67,CLIFTON,STREET,,CAPE TOWN,,True,
430,vol16_108.tif-2,4,TILBURY,STREET,,CAPE TOWN,,True,
431,vol16_108.tif-3,27,HORSTLEY,STREET,,CAPE TOWN,,True,
432,vol16_108.tif-4,77,ASPELING,,BLOEMHOF FLATS,,True,True,
433,vol16_109.tif-1,5,LEE,STREET,,CAPE TOWN,,True,
434,vol16_109.tif-2,61,CONSTITUTION,STREET,,CAPE TOWN,,True,
435,vol16_109.tif-3,14,MILLAN,STREET,,CAPE TOWN,True,True,
436,vol16_109.tif-4,26,ESSET,STREET,,WOODSTOCK,,,N
437,vol16_110.tif-1,17,COMBRINK,STREET,,CAPE TOWN,True,True,
438,vol16_110.tif-2,107,ASPELING,,BLOEMHOF FLATS,CAPE TOWN,True,True,
439,vol16_110.tif-3,"""SUNNY CAT""",GRAND VUE,ROAD,,"WALMER ESTATE, CAPE TOWN",,,N
440,vol16_110.tif-4,74,RAVENSCRAIG,ROAD,,CAPE TOWN,,True,
441,vol16_111.tif-1,113,HARRINGTON,STREET,,CAPE TOWN,,True,
442,vol16_111.tif-2,1,DOVER,STREET,,CAPE TOWN,,True,
443,vol16_111.tif-3,20,STONE,STREET,,CAPE TOWN,,True,
444,vol16_111.tif-4,62,WILLIAM,STREET,,CAPE TOWN,,True,
445,vol16_112.tif-1,3,ROOS,STREET,,CAPE TOWN,,True,
446,vol16_112.tif-2,3,ASPELING,,CHINA VILLA,CAPE TOWN,True,True,
447,vol16_112.tif-3,72,VAN DE LEUR,STREET,,CAPE TOWN,True,True,
448,vol16_112.tif-4,143,CONSTITUTION,STREET,,CAPE TOWN,,True,
449,vol16_113.tif-1,,DR. ABDARAMAN,AVE.,,Q. TOWN,,,N
450,vol16_113.tif-2,1,HANOVER,STREET,POST OFFICE FLATS,CAPE TOWN,,True,
451,vol16_113.tif-3,122,HANOVER,STREET,,CAPE TOWN,,True,
452,vol16_113.tif-4,225,ASPELING,,BLOEMHOF FLATS,,True,True,
453,vol16_114.tif-1,23,PARKIN,STREET,,CAPE TOWN,True,True,
454,vol16_114.tif-2,6,ARUNDEL,STREET,,CAPE TOWN,True,True,
455,vol16_114.tif-3,24,STIRLING,STREET,STIRLING STREET FLATS,CAPE TOWN,,True,
456,vol16_114.tif-4,,ASPELING,,,,True,True,
457,vol16_115.tif-1,23,PARKIN,STREET,,CAPE TOWN,True,True,
458,vol16_115.tif-2,99,ROELAND,STREET,,CAPE TOWN,,True,
459,vol16_115.tif-3,25,ROOS,STREET,,CAPE TOWN,,True,
460,vol16_115.tif-4,15,LAVENDER,HILL,,CAPE TOWN,,True,
461,vol16_116.tif-1,15,LAVENDER,HILL,,CAPE TOWN,,True,
462,vol16_116.tif-2,,WILLIAM,STREET,,CAPE TOWN,,True,
463,vol16_116.tif-3,40,ASPELING,,CANTERBURY FLATS,CAPE TOWN,True,True,
464,vol16_116.tif-4,197,ASPELING,,BLOEMHOF FLATS,CAPE TOWN,True,True,
465,vol16_117.tif-1,52,ASPELING,,CANTERBURY FLATS,CAPE TOWN,True,True,
466,vol16_117.tif-2,162,CONSTITUTION,STREET,,CAPE TOWN,,True,
467,vol16_117.tif-3,32,CANTURBURY,STREET,,CAPE TOWN,True,True,
468,vol16_117.tif-4,9,DE VILLIERS,STREET,,CAPE TOWN,,True,
469,vol16_118.tif-1,33,TENNANT,STREET,,CAPE TOWN,,True,
470,vol16_118.tif-2,"""BORDEAUX""",DE WAALS,DRIVE,,CAPE TOWN,True,True,
471,vol16_118.tif-3,143,ASPELING,,BLOEMHOF FLATS,CAPE TOWN,True,True,
472,vol16_118.tif-4,288,ASPELING,,BLOEMHOF FLATS,CAPE TOWN,True,True,
473,vol16_119.tif-1,60,CONSTITUTION,STREET,,CAPE TOWN,,True,
474,vol16_119.tif-2,3,WILLIAM,STREET,,CAPE TOWN,,True,
475,vol16_119.tif-3,244,ASPELING,,BLOEMHOF FLATS,CAPE TOWN,True,True,
476,vol16_119.tif-4,,ASPELING,,BLOEMHOF FLATS,CAPE TOWN,True,True,
477,vol16_120.tif-1,"""TINA""",GRAND VUE,ROAD,,"WALMER ESTATE, CAPE TOWN",True,,N
478,vol16_120.tif-2,,ASPELING,,,,True,True,
479,vol16_120.tif-3,39,UPPER WARWICK,STREET,,CAPE TOWN,,,
480,vol16_120.tif-4,97,ASPELING,,BLOEMHOF FLATS,CAPE TOWN,True,True,
481,vol16_121.tif-1,19,RUSSELL,STREET,,CAPE TOWN,,True,
482,vol16_121.tif-2,37,STIRLING,STREET,,CAPE TOWN,,True,
483,vol16_121.tif-3,66,QUEEN,STREET,,CAPE TOWN,,True,
484,vol16_121.tif-4,,ASPELING,,,,True,True,
485,vol16_122.tif-1,113,ASPELING,,BLOEMHOF FLATS,CAPE TOWN,True,True,
486,vol16_122.tif-2,2,RICHMOND,STREET,,CAPE TOWN,,True,
487,vol16_122.tif-3,11,LOADER,STREET,,CAPE TOWN,,,
488,vol16_122.tif-4,203,LONGMARKET,STREET,,CAPE TOWN,,True,
489,vol16_123.tif-1,134,ASPELING,STREET,,CAPE TOWN,,True,
490,vol16_123.tif-2,2,WILLIAM,STREET,,CAPE TOWN,,True,
491,vol16_123.tif-3,,ASPELING,,,,True,True,
492,vol16_123.tif-4,216,CALEDON,STREET,,CAPE TOWN,,True,
493,vol16_124.tif-1,22,PRIMROSE,STREET,,CAPE TOWN,,True,
494,vol16_124.tif-2,71,CONSTITUTION,STREET,CANTERBURY FLATS,CAPE TOWN,,True,
495,vol16_124.tif-3,22 B,CANNON,STREET,,CAPE TOWN,,True,
496,vol16_124.tif-4,33,MOUNT,STREET,,CAPE TOWN,,True,
497,vol16_125.tif-1,125,CANTURBURY,STREET,,CAPE TOWN,True,True,
498,vol16_125.tif-2,125,CANTURBURY,STREET,,CAPE TOWN,True,True,
499,vol16_125.tif-3,56,ASPELING,,BLOEMHOF FLATS,CAPE TOWN,True,True,
500,vol16_125.tif-4,79,CONSTITUTION,STREET,,CAPE TOWN,,True,
501,"vol16_126.tif, vol16_127.tif-",,ASPELING,,,,True,True,
502,vol16_128.tif-1,4,VAN DER MEULEN,STREET,,CAPE TOWN,,,
503,vol16_128.tif-2,55,SACKSVILLE,STREET,,CAPE TOWN,True,True,
504,vol16_128.tif-3,7,ASPELING,,BLOEMHOF FLATS,CAPE TOWN,True,True,
505,vol16_128.tif-4,4,TILBURY,STREET,,CAPE TOWN,,True,
506,vol16_129.tif-1,151,UPPER CANTURBURY,STREET,,CAPE TOWN,True,,
507,vol16_129.tif-2,8,STIRLING,STREET,,CAPE TOWN,,True,
508,vol16_129.tif-3,18,PRIMROSE,STREET,,CAPE TOWN,,True,
509,vol16_129.tif-4,23,CANTURBURY,STREET,,CAPE TOWN,True,True,
510,vol16_130.tif-1,37,ASPELING,,BLOEMHOF FLATS,CAPE TOWN,True,True,
511,vol16_130.tif-2,46,ASPELING,,"BLOEMHOF FLATS, BLOCK J",CAPE TOWN,True,True,
512,vol16_130.tif-3,62,RUTGER,STREET,,CAPE TOWN,True,True,
513,vol16_130.tif-4,4,SORREY,LANE,,CAPE TOWN,,,
514,vol16_131.tif-1,10,CANNON,STREET,,CAPE TOWN,,True,
515,vol16_131.tif-2,85,ASPELING,STREET,,CAPE TOWN,,True,
516,vol16_131.tif-3,49,STONE,STREET,,CAPE TOWN,,True,
517,vol16_131.tif-4,93,REINBACH,STREET,,VASCO,True,True,N
518,vol16_132.tif-1,93,REINBACH,STREET,,VASCO,True,True,N
519,vol16_132.tif-2,76,ASPELING,,BLOEMHOF FLATS,CAPE TOWN,True,True,
520,vol16_132.tif-3,10,SUMMER,HILL,,CAPE TOWN,,True,
521,vol16_132.tif-4,128,UPPER HARRINGTON,STREET,,CAPE TOWN,,,
522,vol16_133.tif-1,21,ROCHESTER,ROAD,,CAPE TOWN,,True,
523,vol16_133.tif-2,20,PARKIN,STREET,,CAPE TOWN,True,True,
524,vol16_133.tif-3,120,CONSTITUTION,STREET,,CAPE TOWN,,True,
525,vol16_133.tif-4,36,PARKIN,STREET,,CAPE TOWN,,True,
526,vol16_134.tif-1,69,STONE,STREET,,CAPE TOWN,,True,
527,vol16_134.tif-2,3,ASPELING,,CHINA VILLA OFF WORESTER ROAD,CAPE TOWN,True,True,
528,vol16_134.tif-3,78,WILLIAM,STREET,,CAPE TOWN,,True,
529,vol16_134.tif-4,78,WILLIAM,STREET,,CAPE TOWN,,True,
530,vol16_135.tif-1,68,WILLIAM,STREET,,CAPE TOWN,,True,
531,vol16_135.tif-2,59,KITCHEN,ROAD,,WOODSTOCK,,,N
532,vol16_135.tif-3,5A,OAK,STREET,,CAPE TOWN,,True,
533,vol16_135.tif-4,21,ROOS,STREET,,CAPE TOWN,,True,
534,vol16_136.tif-1,21,ROOS,STREET,,CAPE TOWN,,True,
535,vol16_136.tif-2,50,SACKSVILLE,STREET,,CAPE TOWN,True,True,
536,vol16_136.tif-3,72,NEW MARKET,STREET,,CAPE TOWN,True,True,
537,vol16_136.tif-4,72,NEW MARKET,STREET,,CAPE TOWN,True,True,
538,vol16_137.tif-1,72,NEW MARKET,STREET,,CAPE TOWN,True,True,
539,vol16_137.tif-2,37,LONGMARKET,STREET,,CAPE TOWN,,True,
540,vol16_137.tif-3,183,CALEDON,STREET,,CAPE TOWN,,True,
541,vol16_137.tif-4,183,CALEDON,STREET,,CAPE TOWN,,True,
542,vol16_138.tif-1,6,LEE,STREET,,CAPE TOWN,,True,
543,vol16_138.tif-2,53,PINE,ROAD,,WOODSTOCK,,,N
544,vol16_138.tif-3,61,CONSTITUTION,STREET,,CAPE TOWN,,True,
545,vol16_138.tif-4,61,CONSTITUTION,STREET,,CAPE TOWN,,True,
546,vol16_139.tif-1,9,VREDE,STREET,,CAPE TOWN,,,
547,vol16_139.tif-2,39,SHEPPARD,STREET,,CAPE TOWN,True,True,
548,vol16_139.tif-3,35,SPRINGFIELD,STREET,,CAPE TOWN,,True,
549,vol16_139.tif-4,106,SIR LOWRY,ROAD,,CAPE TOWN,,True,
550,vol16_140.tif-1,24,PEDERSEN,STREET,,CAPE TOWN,,True,
551,vol16_140.tif-2,24,VIRGINIA,STREET,,CAPE TOWN,True,True,
552,vol16_140.tif-3,106,SIR LOWRY,ROAD,,CAPE TOWN,,True,
553,vol16_140.tif-4,9,ARUNDEL,STREET,,CAPE TOWN,True,True,
554,vol16_141.tif-1,5,CROSS,LANE,,CAPE TOWN,,True,
555,vol16_141.tif-2,8,COFFEE,LANE,,CAPE TOWN,,,
556,vol16_141.tif-3,11,WATERLOO,ROAD,,CAPE TOWN,,True,
557,vol16_141.tif-4,2,LION,STREET,,CAPE TOWN,,,
558,vol16_142.tif-1,,CANTURBURY,STREET,STAKEBY LEWIS HOSTEL,CAPE TOWN,True,True,
559,vol16_142.tif-2,20,CHAPEL,STREET,,CAPE TOWN,,True,
560,vol16_142.tif-3,40,RUTGER,STREET,,CAPE TOWN,True,True,
561,vol16_142.tif-4,2,LOODS PLEIN,,,FACTRETON ESTATE,,,N
562,vol16_143.tif-1,43,DUKE,STREET,,WALMER ESTATE,,,N
563,vol16_143.tif-2,249,ASPELING,,BLOEMHOF FLATS,,True,True,
564,vol16_143.tif-3,46,WILLIAM,STREET,,CAPE TOWN,,True,
565,vol16_143.tif-4,48,LONGMARKET,STREET,,CAPE TOWN,,True,
566,vol16_144.tif-1,12,PARKIN,STREET,,CAPE TOWN,,True,
567,vol16_144.tif-2,10,BALIMORAL,STREET,,CAPE TOWN,True,True,
568,vol16_144.tif-3,15,LAVENDER,HILL,,CAPE TOWN,,True,
569,vol16_144.tif-4,14,WILLIAM,STREET,,CAPE TOWN,,True,
570,vol16_145.tif-1,23,ECKARD,STREET,,CAPE TOWN,,True,
571,vol16_145.tif-2,6,ASPELING,,BLOEMHOF FLATS,,True,True,
572,vol16_145.tif-3,23,STONE,STREET,,CAPE TOWN,,True,
573,vol16_145.tif-4,,ASPELING,,"BLOCK 4, FLAT 7 KEWTOWN",PLUMSTEAD,True,True,N
574,vol16_146.tif-1,4,WILLIAM,TERRACE,OFF WILLIAM STREET,CAPE TOWN,,True,
575,vol16_146.tif-2,5,CHATHAM,ROAD,,CAPE TOWN,,True,
576,vol16_146.tif-3,65,CONSTITUTION,STREET,,CAPE TOWN,,True,
577,vol16_146.tif-4,262,CALEDON,STREET,,CAPE TOWN,,True,
578,vol16_147.tif-1,59,CONSTITUTION,STREET,,CAPE TOWN,,True,
579,vol16_147.tif-2,69,CONSTITUTION,STREET,,CAPE TOWN,,True,
580,vol16_147.tif-3,18,PRIMROSE,STREET,,CAPE TOWN,,True,
581,vol16_147.tif-4,,ASPELING,,,ELSIES RIVER,True,True,N
582,vol16_148.tif-1,,ASPELING,,,ELSIES RIVER,True,True,N
583,vol16_148.tif-2,11,HORSTLEY,STREET,,CAPE TOWN,,True,
584,vol16_148.tif-3,64,DE VILLIERS,STREET,,CAPE TOWN,,True,
585,vol16_148.tif-4,8,ARUNDEL,STREET,,CAPE TOWN,,True,
586,vol16_149.tif-1,50,CONSTITUTION,STREET,BLOEMHOF FLATS,CAPE TOWN,,True,
587,vol16_149.tif-2,,BURWOOD,ROAD,,LANSDOWN CLAREMONT,,,N
588,vol16_149.tif-3,33,MILTON,STREET,,CAPE TOWN,,,
589,vol16_149.tif-4,14 A,WILLIAM,STREET,,CAPE TOWN,,True,
590,vol16_150.tif-1,23,SPRINGFIELD,STREET,,CAPE TOWN,,True,
591,vol16_150.tif-2,56,DE VILLIERS,STREET,,CAPE TOWN,,True,
592,vol16_150.tif-3,133,SIR LOWRY,ROAD,,CAPE TOWN,,True,N
593,vol16_150.tif-4,24,GODFREY,STREET,,CAPE TOWN,,True,
594,vol16_151.tif-1,61,GRAY,STREET,,CAPE TOWN,,True,
595,vol16_151.tif-2,41,UPPER ASHLEY,STREET,,CAPE TOWN,,True,
596,vol16_151.tif-3,41,UPPER ASHLEY,STREET,,CAPE TOWN,,True,
597,vol16_151.tif-4,211,ASPELING,,BLOEMHOF FLATS,CAPE TOWN,True,True,
598,vol16_152.tif-1,1,CAMBRIDGE,STREET,,"WALMER ESTATE, CAPE TOWN",,True,N
599,vol16_152.tif-2,11,MCKENZIE,STREET,,CAPE TOWN,,True,
600,vol16_152.tif-3,5,ROBINSON,STREET,,CAPE TOWN,,True,
601,vol16_152.tif-4,10,COFFEE,LANE,,CAPE TOWN,,,
602,vol16_153.tif-1,11,CANNON,STREET,,CAPE TOWN,,True,
603,vol16_153.tif-2,15 A,JAMISSON,STREET,,CAPE TOWN,,,
604,vol16_153.tif-3,30,PARKIN,STREET,,CAPE TOWN,,True,
605,vol16_153.tif-4,31,DUKE,STREET,,"WALMER ESTATE, WOODSTOCK",,,N
606,vol16_154.tif-1,,DR ABDURAMAN,AVENUE,,"Q TOWN, ATHLONE",,,N
607,vol16_154.tif-2,36,LEE,STREET,,CAPE TOWN,True,True,
608,vol16_154.tif-3,16,MC GREGOR,STREET,,CAPE TOWN,True,True,
609,vol16_154.tif-4,14,SACKSVILLE,STREET,,CAPE TOWN,True,True,
610,vol16_155.tif-1,339,HANOVER,STREET,,,,True,
611,vol16_155.tif-2,21,BRUCE,STREET,,CAPE TOWN,,True,
612,vol16_155.tif-3,17,ST VINCENT,STREET,,CAPE TOWN,,True,
613,vol16_155.tif-4,19,LEWIS,STREET,,CAPE TOWN,,True,
614,vol16_156.tif-1,286,HANOVER,STREET,,CAPE TOWN,,True,
615,vol16_156.tif-2,53,MOUNT,STREET,,CAPE TOWN,,True,
616,vol16_156.tif-3,153 A,SIR LOWRY,ROAD,,CAPE TOWN,,True,
617,vol16_156.tif-4,18,CANTURBURY,STREET,,CAPE TOWN,True,True,
618,vol16_157.tif-1,1,HORSBURG,LANE,,,,,
619,vol16_157.tif-2,38,CONSTITUTION,STREET,,CAPE TOWN,,True,
620,vol16_157.tif-3,157,ASPELING,,BLOEMHOF FLATS,CAPE TOWN,True,True,
621,vol16_157.tif-4,10,MAPINE,AVENUE,,"SEA POINT, CAPE TOWN",,,N
622,vol16_158.tif-1,31,HORSTLEY,STREET,,CAPE TOWN,,True,
623,vol16_158.tif-2,106,SIR LOWRY,ROAD,,CAPE TOWN,,True,
624,vol16_158.tif-3,68,WILLIAM,STREET,,CAPE TOWN,,True,
625,vol16_158.tif-4,38,REFORM,STREET,,CAPE TOWN,,True,
626,vol16_159.tif-1,97,CALEDON,STREET,,CAPE TOWN,,True,
627,vol16_159.tif-2,149,ASPELING,,BLOEMHOF FLATS,,True,True,
628,vol16_159.tif-3,54,COMBRINK,STREET,,,True,True,
629,vol16_159.tif-4,16,CHATHAM,ROAD,,CAPE TOWN,,True,
630,vol16_160.tif-1,18,VICTORIA,ROAD,,WOODSTOCK,,,N
631,vol16_160.tif-2,134,ASPELING,,BLOEMHOF FLATS,,True,True,
632,vol16_160.tif-3,240,ASPELING,,BLOEMHOF FLATS,,True,True,
633,vol16_160.tif-4,12,SPRINGFIELD,TERRACE,OFF PONTIAC STREET,CAPE TOWN,,True,
634,vol16_161.tif-1,,ASPELING,,,,True,True,
635,vol16_161.tif-2,20,FRERE,STREET,,CAPE TOWN,,True,
636,vol16_161.tif-3,11,ROCHESTER,ROAD,,CAPE TOWN,,True,
637,vol16_161.tif-4,64,ASPELING,STREET,,CAPE TOWN,,True,
638,vol16_162.tif-1,,ASPELING,,,,True,True,
639,vol16_162.tif-2,281,HANOVER,STREET,,CAPE TOWN,,True,
640,vol16_162.tif-3,6,TYNE,STREET,,CAPE TOWN,,True,
641,vol16_162.tif-4,217,CALEDON,STREET,,CAPE TOWN,,True,
642,vol16_163.tif-1,217,CALEDON,STREET,,CAPE TOWN,,True,
643,vol16_163.tif-2,39,ASPELING,STREET,,CAPE TOWN,,True,
644,vol16_163.tif-3,28,RICHARD,STREET,,CAPE TOWN,,,
645,vol16_163.tif-4,295,ASPELING,,BLOEMHOF FLATS,CAPE TOWN,True,True,
646,vol16_164.tif-1,12,CHESTER,ROAD,,,,True,
647,vol16_164.tif-2,342,HANOVER,STREET,,CAPE TOWN,,True,
648,vol16_164.tif-3,,CANTURBURY,STREET,INFELBERG HOSTEL,CAPE TOWN,True,True,
649,vol16_164.tif-4,386,TENNANT,STREET,,CAPE TOWN,True,True,
650,vol16_165.tif-1,123 A,UPPER CONSTITUTION,STREET,,CAPE TOWN,,True,
651,vol16_165.tif-2,65,ASPELING,STREET,,CAPE TOWN,True,True,
652,vol16_165.tif-3,49,PARK,,,"WALMER ESTATE, CAPE TOWN",,,N
653,vol16_165.tif-4,"""SACKVILLE""",GRAND VUE,ROAD,,"WALMER ESTATE, CAPE TOWN",True,,N
654,vol16_166.tif-1,4,PROSPECT,AVENUE,,CAPE TOWN,,True,
655,vol16_166.tif-2,40,QUEEN,ROAD,,"WALMER ESTATE, CAPE TOWN",True,True,N
656,vol16_166.tif-3,58,VAN DE LEUR,STREET,,CAPE TOWN,True,True,
657,vol16_166.tif-4,3,STIRLING,STREET,,CAPE TOWN,True,True,
658,vol16_167.tif-1,,ASPELING,,,,True,True,
659,vol16_167.tif-2,5,MARRIOTT,SQUARE,,CAPE TOWN,,,
660,vol16_167.tif-3,27,ASPELING,,BLOEMHOF FLATS,CAPE TOWN,True,True,
661,vol16_167.tif-4,85,CONSTITUTION,STREET,,CAPE TOWN,,True,
662,vol16_168.tif-1,52,RUSSELL,STREET,,CAPE TOWN,,True,
663,vol16_168.tif-2,18,ECKARD,STREET,,CAPE TOWN,True,True,
664,vol16_168.tif-3,18,ECKARD,STREET,,CAPE TOWN,True,True,
665,vol16_168.tif-4,123 A UPPER,GLYNN,STREET,,CAPE TOWN,,True,
666,vol16_169.tif-1,256,ASPELING,,BLOEMHOF FLATS,CAPE TOWN,True,True,
667,vol16_169.tif-2,40,SPRINGFIELD,STREET,,CAPE TOWN,,True,
668,vol16_169.tif-3,6,GRAND VUE,ROAD,,CAPE TOWN,True,,
669,vol16_169.tif-4,94,HARRINGTON,STREET,,CAPE TOWN,,True,
670,vol16_170.tif-1,64,DE VILLIERS,STREET,,CAPE TOWN,True,True,
671,vol16_170.tif-2,11,DE VILLIERS,LANE,,CAPE TOWN,True,True,
672,vol16_170.tif-3,58,VAN DE LEUR,STREET,,CAPE TOWN,True,True,
673,vol16_170.tif-4,,ASPELING,,BELJRAWS EST OFF 7TH AVENUE,,True,True,
674,vol16_171.tif-1,63,ASPELING,,CANTERBURY FLATS,CAPE TOWN,True,True,
675,vol16_171.tif-2,38,CONSTITUTION,STREET,FLATS,CAPE TOWN,,True,
676,vol16_171.tif-3,1,BEYES,ROAD,,WOODSTOCK,,,N
677,vol16_171.tif-4,13,TENNANT,STREET,,CAPE TOWN,,True,
678,vol16_172.tif-1,16,ALBERT,STREET,,CAPE TOWN,,True,
679,vol16_172.tif-2,144,CONSTITUTION,STREET,,CAPE TOWN,,True,
680,vol16_172.tif-3,51,PEDERSEN,STREET,,CAPE TOWN,,True,
681,vol16_172.tif-4,32,SELBORNE,ROAD,,WOODSTOCK,,,N
682,vol16_173.tif-1,1,CAMBRIDGE,STREET,,CAPE TOWN,,True,
683,vol16_173.tif-2,32,NILE,STREET,,CAPE TOWN,,True,
684,vol16_173.tif-3,20,WILLIAM,STREET,,WOODSTOCK,True,True,N
685,vol16_173.tif-4,5a,PERTH,ROAD,,CAPE TOWN,,True,
686,vol16_174.tif-1,60,PONTAC,STREET,,CAPE TOWN,,True,
687,vol16_174.tif-2,113,REINBACH,STREET,,VASCO,True,True,N
688,vol16_174.tif-3,53,RICHMOND,STREET,,CAPE TOWN,,True,
689,vol16_174.tif-4,11,PEDERSEN,STREET,,CAPE TOWN,,True,
690,vol16_175.tif-1,46,WILLIAM,STREET,,CAPE TOWN,True,True,
691,vol16_175.tif-2,23,BRUCE,STREET,,CAPE TOWN,,True,
692,vol16_175.tif-3,65,CONSTITUTION,STREET,,CAPE TOWN,,True,
693,vol16_175.tif-4,50,DE VILLIERS,STREET,,CAPE TOWN,,True,
694,vol16_176.tif-1,34,COWLEY,STREET,,CAPE TOWN,,True,
695,vol16_176.tif-2,178,UPPER CONSTITUTION,STREET,,CAPE TOWN,,True,
696,vol16_176.tif-3,179,UPPER CONSTITUTION,STREET,,CAPE TOWN,,True,
697,vol16_176.tif-4,7,STATION,ROAD,,WOODSTOCK,,,N
698,vol16_177.tif-1,36,BRUCE,STREET,,CAPE TOWN,,True,
699,vol16_177.tif-2,11,BROWN,STREET,,CAPE TOWN,,,
700,vol16_177.tif-3,2,OXFORD,STREET,,CAPE TOWN,,True,
701,vol16_177.tif-4,,MARIGOLD,COURT,,Q. TOWN,,,N
702,vol16_178.tif-1,112,CONSTITUTION,STREET,,CAPE TOWN,,True,
703,vol16_178.tif-2,1,SMART,STREET,,CAPE TOWN,,True,
704,vol16_178.tif-3a,4,CHATHAM,STREET,VICCTORY FLATS,CAPE TOWN,,True,
705,vol16_178.tif-3b,4,CHATHAM,STREET,VICCTORY FLATS,CAPE TOWN,,True,
706,vol16_178.tif-3c,4,CHATHAM,STREET,VICCTORY FLATS,CAPE TOWN,,True,
707,vol16_178.tif-4,109,ROELAND,STREET,,CAPE TOWN,,True,
708,vol16_179.tif-1,14,ST LEGER,STREET,,CAPE TOWN,,,
709,vol16_179.tif-2,48,CHESTER,ROAD,,WALMER ESTATE,,True,N
710,vol16_179.tif-3,91,ASPELING,,BLOEMHOF FLATS,,True,True,
711,vol16_179.tif-4,12,AMSTERDAM,STREET,,CAPE TOWN,,,
712,vol16_180.tif-1,13,DUKE,STREET,,WOODSTOCK,,,N
713,vol16_180.tif-2,16,GLOUCESTER,ROAD,,CAPE TOWN,,True,
714,vol16_180.tif-3,88,UPPER ASHLEY,STREET,,CAPE TOWN,,True,
715,vol16_180.tif-4,69,UPPER ASHLEY,STREET,,CAPE TOWN,,True,
716,vol16_181.tif-1,26,NEW MARKET,STREET,,CAPE TOWN,True,True,
717,vol16_181.tif-2,289,ASPELING,,BLOEMHOF FLATS,CAPE TOWN,True,True,
718,vol16_181.tif-3,219,ASPELING,,BLOEMHOF FLATS,,True,True,
719,vol16_181.tif-4,35,STONE,STREET,,CAPE TOWN,True,True,
720,vol16_182.tif-1,216,ASPELING,,BLOEMHOF FLATS,CAPE TOWN,True,True,
721,vol16_182.tif-2,18,CHAPEL,STREET,,CAPE TOWN,,True,
722,vol16_182.tif-3,25,CANNON,STREET,,CAPE TOWN,,True,
723,vol16_182.tif-4,19,LAVENDER,HILL,,CAPE TOWN,,True,
724,vol16_183.tif-1,"""DOGNOO""",HAROLDENE,ROAD,,LANSDOWNE,,,N
725,vol16_183.tif-2,11,BROWN,STREET,,CAPE TOWN,,,
726,vol16_183.tif-3,11,BROWN,STREET,,CAPE TOWN,,,
727,vol16_183.tif-4,11,BROWN,STREET,,CAPE TOWN,,,
728,vol16_184.tif-1,5,OAK,STREET,,CAPE TOWN,,True,
729,vol16_184.tif-2,85,CONSTITUTION,STREET,,CAPE TOWN,,True,
730,vol16_184.tif-3,15 A,BALIMORAL,STREET,,CAPE TOWN,True,True,
731,vol16_184.tif-4,6 H,UPPER ASHLEY,STREET,,CAPE TOWN,,True,
732,vol16_185.tif-1,24,VERNON,TERRACE,,CAPE TOWN,,True,
733,vol16_185.tif-2,22,AYRE,STREET,,CAPE TOWN,,True,
734,vol16_185.tif-3,22,AYRE,STREET,,CAPE TOWN,,True,
735,vol16_185.tif-4,31,ROOS,STREET,,CAPE TOWN,,True,
736,vol16_186.tif-1,95,ROGER,STREET,,CAPE TOWN,,True,
737,vol16_186.tif-2,75,WILLIAM,STREET,,CAPE TOWN,,True,
738,vol16_186.tif-3,53,CANTURBURY,STREET,,CAPE TOWN,True,True,
739,vol16_186.tif-4,4,LEE,STREET,,CAPE TOWN,,True,
740,vol16_187.tif-1,8,ORMSKIRK,STREET,,WOODSTOCK,,,N
741,vol16_187.tif-2,15,SMART,STREET,,CAPE TOWN,,True,
742,vol16_187.tif-3,K6,ASPELING,,MATROOSFONTEIN,ELSIES RIVER,True,True,N
743,vol16_187.tif-4,10,COLLEGE,STREET,,CAPE TOWN,,True,
744,vol16_188.tif-1,2,MILITOUS,ROAD,,STEENBERG,,,N
745,vol16_188.tif-2,29,HORSTLEY,STREET,,CAPE TOWN,,True,
746,vol16_188.tif-3,109,QUEEN,ROAD,,WOODSTOCK,True,True,N
747,vol16_188.tif-4,226,CALEDON,STREET,,CAPE TOWN,,True,
748,vol16_189.tif-1,29,REFORM,STREET,,CAPE TOWN,,True,
749,vol16_189.tif-2,143,CONSTITUTION,STREET,,CAPE TOWN,,True,
750,vol16_189.tif-3,225,ASPELING,,BLOEMHOF FLATS,,True,True,
751,vol16_189.tif-4,1,SHAUD,STREET,,CAPE TOWN,,,
752,vol16_190.tif-1,1,UPPER CHURCH,STREET,DENTON TERRACE,CAPE TOWN,,,
753,vol16_190.tif-2,1,UPPER CHURCH,STREET,DENTON TERRACE,CAPE TOWN,,,
754,vol16_190.tif-3,15,ST JOHN'S,STREET,MONTIVEEN FLATS,SEA POINT,,,N
755,vol16_190.tif-4,47,MCKENZIE,STREET,,CAPE TOWN,,True,
756,vol16_191.tif-1,47,MCKENZIE,STREET,,CAPE TOWN,,True,
757,vol16_191.tif-2,50,LAVENDER,HILL,,CAPE TOWN,,True,
758,vol16_191.tif-3,50,LAVENDER,HILL,,CAPE TOWN,,True,
759,vol16_191.tif-4,106,SIR LOWRY,ROAD,,CAPE TOWN,,True,
760,vol16_192.tif-1,,ASPELING,,,,True,True,
761,vol16_192.tif-2,42,DE KORTE,STREET,,CAPE TOWN,True,True,
762,vol16_192.tif-3,46,WILLIAM,STREET,,CAPE TOWN,,True,
763,vol16_192.tif-4,140,CALEDON,STREET,,CAPE TOWN,,True,
764,vol16_193.tif-1,8,SACKSVILLE,STREET,,CAPE TOWN,True,True,
765,vol16_193.tif-2,4,CAMBRIDGE,STREET,CAVALLA FLATS,WALMER ESTATE,,True,N
766,vol16_193.tif-3,220,ASPELING,,BLOEMHOF FLATS,CAPE TOWN,True,True,
767,vol16_193.tif-4,37,CONSTITUTION,STREET,FLATS,CAPE TOWN,,True,
768,vol16_194.tif-1,20,ECKARD,STREET,,CAPE TOWN,True,True,
769,vol16_194.tif-2,107,FIRST,STREET,,MAILAINA,,,N
770,vol16_194.tif-3,23,PARKIN,STREET,,CAPE TOWN,,True,
771,vol16_194.tif-4,43,WILLIAM,STREET,,CAPE TOWN,,True,
772,vol16_195.tif-1,,ASPELING,,,,True,True,
773,vol16_195.tif-2,,ASPELING,,,,True,True,
774,vol16_195.tif-3,283,ASPELING,,BLOEMHOF FLATS,CAPE TOWN,True,True,
775,vol16_195.tif-4,98,STONE,STREET,,CAPE TOWN,,True,
776,vol16_196.tif-1,12,SPRINGFIELD TERRACE OFF PONTIAC,STREET,,CAPE TOWN,,,
777,vol16_196.tif-2,,4TH,AVENUE,BELGRAVIA EST,ATHLONE,,,N
778,vol16_196.tif-3,60,WILLIAM,STREET,,CAPE TOWN,,True,
779,vol16_196.tif-4,17,GODFREY,STREET,,,True,True,
780,vol16_197.tif-1,20,DE KORTE,STREET,,,,True,
781,vol16_197.tif-2,284,HANOVER,STREET,,CAPE TOWN,,True,
782,vol16_197.tif-3,37,ASPELING,,BLOEMHOF FLATS,CAPE TOWN,True,True,
783,vol16_197.tif-4,106,SIR LOWRY,ROAD,,CAPE TOWN,,True,
784,vol16_198.tif-1,3,BRUNT,ROAD,SUNNYSIDE,ATHLONE,,,N
785,vol16_198.tif-2,9,BRIDGE,STREET,,WOODSTOCK,,True,N
786,vol16_198.tif-3,,ASPELING,,,,True,True,
787,vol16_198.tif-4,56,ASPELING,,CANTEBURY FLATS,CAPE TOWN,True,True,
788,vol16_199.tif-1,20,SPRINGFIELD,STREET,,CAPE TOWN,,True,
789,vol16_199.tif-2,87,HORSTLEY,STREET,,CAPE TOWN,,True,
790,vol16_199.tif-3,46,8TH,AVENUE,,ELSILS RIVER,,,N
791,vol16_199.tif-4,"""TINA""",GRAND VUE,ROAD,,WALMER ESTATE,True,,N
792,vol16_200.tif-1,87,HORSTLEY,STREET,,CAPE TOWN,,True,
793,vol16_200.tif-2,1,CHATHAM,STREET,FLATS,,True,True,
794,vol16_200.tif-3,,ROCHESTER,ROAD,GREGGS CREST,CAPE TOWN,,True,
795,vol16_200.tif-4,157,ASPELING,,BLOEMHOF FLATS,CAPE TOWN,True,True,
796,vol16_201.tif-1,32,NILE,STREET,,CAPE TOWN,,True,
797,vol16_201.tif-2,26,COMBRINK,STREET,,CAPE TOWN,,True,
798,vol16_201.tif-3,19,RUSSELL,STREET,,CAPE TOWN,,True,
799,vol16_201.tif-4a,10,ASPELING,,STIRLING STREET FLATS,CAPE TOWN,True,True,
800,vol16_201.tif-4b,10,ASPELING,,STIRLING STREET FLATS,CAPE TOWN,True,True,
801,vol16_202.tif-1,93,ROGER,STREET,,CAPE TOWN,,True,
802,vol16_202.tif-2,73,CONSTITUTION,STREET,,CAPE TOWN,,True,
803,vol16_202.tif-3,65,ASPELING,STREET,,CAPE TOWN,,True,
804,vol16_202.tif-4,11,LOADER,STREET,,CAPE TOWN,,,
805,vol16_203.tif-1,2,UPPER NELSON,STREET,,,,,
806,vol16_203.tif-2,19,CHAPEL,STREET,,CAPE TOWN,,True,
807,vol16_203.tif-3,3,ROOS,STREET,,CAPE TOWN,,True,
808,vol16_203.tif-4,42,LEVER,STREET,W.E.,CAPE TOWN,,True,
809,vol16_204.tif-1,7,SPRINGFIELD,STREET,,CAPE TOWN,,True,
810,vol16_204.tif-1,,ASPELING,,,,True,True,
811,vol16_204.tif-2,216,CALEDON,STREET,,CAPE TOWN,,True,
812,vol16_204.tif-3,216,CALEDON,STREET,,CAPE TOWN,,True,
813,vol16_204.tif-4,9,STIRLING,STREET,,CAPE TOWN,,True,
814,vol16_205.tif-1,8,MC GREGOR,STREET,,CAPE TOWN,True,True,
815,vol16_205.tif-2,10,CANON,STREET,,CAPE TOWN,True,,
816,vol16_205.tif-3,37,VAN DE LEUR,STREET,,CAPE TOWN,,True,
817,vol16_205.tif-4,186,HANOVER,STREET,,CAPE TOWN,,True,
818,vol16_206.tif-1,186,HANOVER,STREET,,CAPE TOWN,,True,
819,vol16_206.tif-2,2,PROSPECT,AVENUE,,CAPE TOWN,,True,
820,vol16_206.tif-3,58,ASPELING,,DE VILLIERS STREET FLATS,CAPE TOWN,True,True,
821,vol16_206.tif-4,13,SACKSVILLE,STREET,,CAPE TOWN,True,True,
822,vol16_207.tif-1,5,NEMESIA,,,SILVER TOWN,,,N
823,vol16_207.tif-2,,11TH AVENUE,,OFF OF 3RD STREET,WINDEMERE,,,N
824,vol16_207.tif-3,,11TH AVENUE,,OFF OF 3RD STREET,WINDEMERE,,,N
825,vol16_207.tif-4,106,SIR LOWRY,ROAD,ROOM 41 MARKET BUILDING,CAPE TOWN,,True,
826,vol16_208.tif-1,11,DE VILLIERS,LANE,OFF STUCKERIS,CAPE TOWN,,True,
827,vol16_208.tif-2,12,DE VILLIERS,LANE,UPPER STUCKERIS,CAPE TOWN,,True,
828,vol16_208.tif-3,50,RUTGER,STREET,,CAPE TOWN,,True,
829,vol16_208.tif-4,15,LAVENDER,HILL,,CAPE TOWN,,True,
830,vol16_209.tif-1,186,HANOVER,STREET,,CAPE TOWN,,True,
831,vol16_209.tif-2,9,HANOVER,SQUARE,,,,True,
832,vol16_209.tif-3,11,DE VILLIERS,LANE,OFF STUCKERIS,CAPE TOWN,,True,
833,vol16_209.tif-4,106,SIR LOWRY,ROAD,,CAPE TOWN,,True,
834,vol16_210.tif-1,16,ADAM,STREET,,CAPE TOWN,,,
835,vol16_210.tif-2,15,ECKARD,STREET,,CAPE TOWN,,True,
836,vol16_210.tif-3,14,ASPELING,,STIRLING STREET FLATS,CAPE TOWN,True,True,
837,vol16_210.tif-4,14,ASPELING,,STIRLING STREET FLATS,CAPE TOWN,True,True,
838,vol16_211.tif-1,15,SMART,STREET,,CAPE TOWN,,True,
839,vol16_211.tif-2,205,CALEDON,STREET,,CAPE TOWN,,True,
840,vol16_211.tif-3,15,SMART,STREET,,CAPE TOWN,,True,
841,vol16_211.tif-4,221,CALEDON,STREET,,CAPE TOWN,,True,
842,vol16_212.tif-1,11,ECKARD,STREET,,CAPE TOWN,True,True,
843,vol16_212.tif-2,100,KLIPFONTEIN,,,GRASSY PARK,,,N
844,vol16_212.tif-3,145,ASPELING,,BLOEMHOF FLATS,,True,True,
845,vol16_212.tif-4,16,ADAM,STREET,,CAPE TOWN,,,
846,vol16_213.tif-1,54,ROOS,STREET,,CAPE TOWN,,True,
847,vol16_213.tif-2,72,HORSTLEY,STREET,,CAPE TOWN,,True,
848,vol16_213.tif-3,135,ASPELING,,BLOEMHOF FLATS,CAPE TOWN,True,True,
849,vol16_213.tif-4,9,BRIDGE,STREET,,CAPE TOWN,,True,
850,vol16_214.tif-1,9,BRIDGE,STREET,,CAPE TOWN,,True,
851,vol16_214.tif-2,9,BRIDGE,STREET,,CAPE TOWN,,True,
852,vol16_214.tif-3,92,CONSTITUTION,STREET,,CAPE TOWN,,True,
853,vol16_214.tif-4,23,GRANT,STREET,,OBSERVATORY,,,N
854,vol16_215.tif-1,136,ASPELING,,BLOEMHOF FLATS,CAPE TOWN,True,True,
855,vol16_215.tif-2,4,EATON,PLACE,,CAPE TOWN,,,
856,vol16_215.tif-3,15,SMART,STREET,"""BAYVIEW""",CAPE TOWN,,True,
857,vol16_215.tif-4,6,LAVENDER,HILL,,CAPE TOWN,,True,
858,vol16_216.tif-1,5,CROSS,LANE,,CAPE TOWN,,True,
859,vol16_216.tif-2,84,ASPELING,,BLOEMHOF FLATS,CAPE TOWN,True,True,
860,vol16_216.tif-3,3,ASPELING,,CHINA VILLA,CAPE TOWN,True,True,
861,vol16_216.tif-4,4,DE VILLIERS,LANE,,CAPE TOWN,,True,
862,vol16_217.tif-1,99,ASPELING,,BLOEMHOF FLATS,,True,True,
863,vol16_217.tif-2,26,AYRE,STREET,,CAPE TOWN,True,True,
864,vol16_217.tif-3,26,AYRE,STREET,,CAPE TOWN,True,True,
865,vol16_217.tif-4,26,AYRE,STREET,,CAPE TOWN,True,True,
866,vol16_218.tif-1,67,CLIFTON,STREET,,CAPE TOWN,,True,
867,vol16_218.tif-2,110,CONSTITUTION,STREET,,CAPE TOWN,,True,
868,vol16_218.tif-3,12,CANTURBURY,STREET,,CAPE TOWN,True,True,
869,vol16_218.tif-4,3,MARRIETTE,STREET,,CAPE TOWN,,,
870,vol16_219.tif-1,52,DE VILLIERS,STREET,,CAPE TOWN,,True,
871,vol16_219.tif-2,15,WILLIAM,STREET,,CAPE TOWN,,True,
872,vol16_219.tif-3,15,DE VILLIERS,STREET,,CAPE TOWN,,True,
873,vol16_219.tif-4,35,NEW CHURCH,STREET,,CAPE TOWN,,,
874,vol16_220.tif-1,5,LEE,STREET,,CAPE TOWN,,True,
875,vol16_220.tif-2,19,PLYMOUTH,ROAD,,CAPE TOWN,,True,
876,vol16_220.tif-3,159,ASPELING,,BLOEMHOF FLATS,CAPE TOWN,True,True,
877,vol16_220.tif-4,139,UPPER CONSTITUTION,STREET,,CAPE TOWN,,True,
878,vol16_221.tif-1,162,UPPER CONSTITUTION,STREET,,CAPE TOWN,,True,
879,vol16_221.tif-2,3,ASPELING,,BLOEMHOF FLATS,CAPE TOWN,True,True,
880,vol16_221.tif-3,3,ASPELING,,BLOEMHOF FLATS,CAPE TOWN,True,True,
881,vol16_221.tif-4,81,CHAPEL,STREET,,CAPE TOWN,,True,
882,vol16_222.tif-1,9,DE VILLIERS,STREET,,CAPE TOWN,,True,
883,vol16_222.tif-2,16,ADAM,STREET,,CAPE TOWN,,,
884,vol16_222.tif-3,2,HIGH,STREET,,CAPE TOWN,,True,
885,vol16_222.tif-4,66,SACKSVILLE,STREET,,CAPE TOWN,True,True,
886,vol16_223.tif-1,25,LONGMARKET,STREET,,CAPE TOWN,,True,
887,vol16_223.tif-2,1,MOUNT,LANE,,CAPE TOWN,,True,
888,vol16_223.tif-3,115,ROELAND,STREET,,CAPE TOWN,,True,
889,vol16_223.tif-4,71,BASKET,LANE,,CAPE TOWN,,True,
890,vol16_224.tif-1,17,GODFREY,STREET,,CAPE TOWN,,True,
891,vol16_224.tif-2,9,ROGER,STREET,,CAPE TOWN,,True,
892,vol16_224.tif-3,136,CALEDON,STREET,,CAPE TOWN,,True,
893,vol16_224.tif-4,136,CALEDON,STREET,,CAPE TOWN,,True,
894,vol16_225.tif-1,83,ROGER,STREET,,CAPE TOWN,,True,
895,vol16_225.tif-2,83,ROGER,STREET,,CAPE TOWN,,True,
896,vol16_225.tif-3,5,VICTORIA,ROAD,,WOODSTOCK,,,N
897,vol16_225.tif-4,15,DORP,LANE,,CAPE TOWN,,,
898,vol16_226.tif-1,105,KLIP,ROAD,,RETREAT,,,N
899,vol16_226.tif-2,97,ASPELING,,BLOEMHOF FLATS,CAPE TOWN,True,True,
900,vol16_226.tif-3,64,DE VILLIERS,STREET,,CAPE TOWN,,True,
901,vol16_226.tif-4,10,LAVENDER,HILL,,CAPE TOWN,,True,
902,vol16_227.tif-1,143,CONSTITUTION,STREET,,CAPE TOWN,,True,
903,vol16_227.tif-2,8,GRAY,STREET,,WOODSTOCK,,True,N
904,vol16_227.tif-3,13,PLYMOUTH,ROAD,,CAPE TOWN,,True,
905,vol16_227.tif-4,3A,PRINCESS,STREET,,CAPE TOWN,,True,
906,vol16_228.tif-1,11,MCKENZIE,STREET,,CAPE TOWN,,True,
907,vol16_228.tif-2,2,LEE,STREET,,CAPE TOWN,,True,
908,vol16_228.tif-3,2,DOVER,LANE,,CAPE TOWN,,True,
909,vol16_228.tif-4,12,VINE,STREET,,MOWBRAY,,,N
910,vol16_229.tif-1,37,VERNON,TERRACE,,CAPE TOWN,,True,
911,vol16_229.tif-2,169,ASPELING,,BLOEMHOF FLATS,CAPE TOWN,True,True,
912,vol16_229.tif-3,169,ASPELING,,BLOEMHOF FLATS,CAPE TOWN,True,True,
913,vol16_229.tif-4,6,ECKARD,STREET,,CAPE TOWN,,True,
914,vol16_230.tif-1,16,KENT,STREET,,CAPE TOWN,,True,
915,vol16_230.tif-2,3,LEE,STREET,,CAPE TOWN,,True,
916,vol16_230.tif-3,286,ASPELING,,BLOEMHOF FLATS,CAPE TOWN,True,True,
917,vol16_230.tif-4,41,GYMPIE,STREET,,WOODSTOCK,,,N
918,vol16_231.tif-1,88,KIPLING,STREET,,SALT RIVER,,,N
919,vol16_231.tif-2,10,OFF ALBERT,STREET,,CAPE TOWN,,,
920,vol16_231.tif-3,"""TINA""",GRAND VUE,ROAD,,WALMER ESTATE,True,,N
921,vol16_231.tif-4,23,SPRINGFIELD,STREET,,CAPE TOWN,,True,
922,vol16_232.tif-1,113,ASPELING,,BLOEMHOF FLATS,CAPE TOWN,True,True,
923,vol16_232.tif-2,17,MOUNT,STREET,,CAPE TOWN,,True,
924,vol16_232.tif-3,44,DE VILLIERS,STREET,,CAPE TOWN,,True,
925,vol16_232.tif-4,19,LEWIS,STREET,,CAPE TOWN,,True,
926,vol16_233.tif-1,19,LEWIS,STREET,,CAPE TOWN,,True,
927,vol16_233.tif-2,276,CALEDON,STREET,,CAPE TOWN,,True,
928,vol16_233.tif-3,48,LONGMARKET,STREET,,CAPE TOWN,,True,
929,vol16_233.tif-4,13,AYRE,STREET,,CAPE TOWN,,True,
930,vol16_234.tif-1,,SEVEN OAKS,ROAD,,HEATHFIELD,,,N
931,vol16_234.tif-2,61,CONSTITUTION,STREET,,CAPE TOWN,,True,
932,vol16_234.tif-3,50,SPRINGFIELD,STREET,,CAPE TOWN,,True,
933,vol16_234.tif-4,6,RICHMOND,STREET,,,,True,
934,vol16_235.tif-1,18,STONE,STREET,,,,True,
935,vol16_235.tif-2,63,KLEIK,ROAD,,GRASSY PARK,,,N
936,vol16_235.tif-3,46,ASPELING,,BLOEMHOF FLATS,CAPE TOWN,True,True,
937,vol16_235.tif-4,11,VIRGINIA,STREET,,CAPE TOWN,,True,
938,vol16_236.tif-1,24,AYRE,STREET,,CAPE TOWN,,True,
939,vol16_236.tif-2,16,GLOUCESTER,STREET,,CAPE TOWN,,True,
940,vol16_236.tif-3,12,PARKIN,STREET,,CAPE TOWN,,True,
941,vol16_236.tif-4,3,DARLING,STREET,MORRIEL SQUARE,CAPE TOWN,,True,
942,vol16_237.tif-1,11A,ROGER,STREET,,CAPE TOWN,,True,
943,vol16_237.tif-2,3,JOHNSON,STREET,,CAPE TOWN,,True,
944,vol16_237.tif-3,24,AYRE,STREET,FLAT 7,CAPE TOWN,,True,
945,vol16_237.tif-4,104,ASHLEY,STREET,UPPER,CAPE TOWN,,True,
946,vol16_238.tif-1,BLOCK 4,ASPELING,,FLAT 7,KEW TOWN,True,True,N
947,vol16_238.tif-2,4,FILBURG,STREET,,CAPE TOWN,,,
948,vol16_238.tif-3,13,SIDNEY,STREET,,CAPE TOWN,,True,
949,vol16_238.tif-4,50,ASPELING,,BLOEMHOF FLATS,CAPE TOWN,True,True,
950,vol16_239.tif-1,64,WILLIAM,STREET,,CAPE TOWN,,True,
951,vol16_239.tif-2,70,TENNANT,STREET,,CAPE TOWN,,True,
952,vol16_239.tif-3,16,VOGELZANG,STREET,,CAPE TOWN,True,True,
953,vol16_239.tif-4,16,VOGELZANG,STREET,,CAPE TOWN,True,True,
954,vol16_240.tif-1,33,MOUNT,STREET,,CAPE TOWN,,True,
955,vol16_240.tif-2,18,CANTURBURY,STREET,,CAPE TOWN,True,True,
956,vol16_240.tif-3,287,ASPELING,,BLOEMHOF FLATS,CAPE TOWN,True,True,
957,vol16_240.tif-4,2,OSEFORD,STREET,,CAPE TOWN,,,
958,vol16_241.tif-1,211,ASPELING,,BLOEMHOF FLATS,CAPE TOWN,True,True,
959,vol16_241.tif-2,15,RUSSELL,STREET,,CAPE TOWN,,True,
960,vol16_241.tif-3,34,HAMERKOPWY,,,ATHLONE,,,N
961,vol16_241.tif-4,15,STUCKERIS,STREET,,CAPE TOWN,True,True,
962,vol16_242.tif-1,98,ASPELING,STREET,,CAPE TOWN,,True,
963,vol16_242.tif-2,53,MOUNT,STREET,,CAPE TOWN,,True,
964,vol16_242.tif-3,23,ECKARD,STREET,,CAPE TOWN,True,True,
965,vol16_242.tif-4,37,SHEPPARD,STREET,,CAPE TOWN,,True,
966,vol16_243.tif-1,94,HARRINGTON,STREET,,CAPE TOWN,,True,
967,vol16_243.tif-2,109,ASPELING,,BLOEMHOF FLATS,CAPE TOWN,True,True,
968,vol16_243.tif-3,20,WILLIAM,STREET,,CAPE TOWN,,True,
969,vol16_243.tif-4,1,GLYNN,STREET,,CAPE TOWN,,True,
970,vol16_244.tif-1,106,SIR LOWRY,ROAD,FLAT 5,CAPE TOWN,,True,
971,vol16_244.tif-2,102,BARRACK,STREET,,CAPE TOWN,,True,
972,vol16_244.tif-3,20,CHAPEL,STREET,,CAPE TOWN,,True,
973,vol16_244.tif-4,65,CONSTITUTION,STREET,,CAPE TOWN,,True,
974,vol16_245.tif-1,6,LAVENDER,HILL,,CAPE TOWN,,True,
975,vol16_245.tif-2,,LELIEBLOEW,,,WOODSTOCK,,,N
976,vol16_245.tif-3,49A,STONE,STREET,,CAPE TOWN,,True,
977,vol16_245.tif-4,73A,WILLIAM,STREET,,CAPE TOWN,,True,
978,vol16_246.tif-1,23,MORLAND TERRACE,,OFF OF SOMERSET ROAD,CAPE TOWN,,,
979,vol16_246.tif-2,149,ASPELING,,BLOEMHOF FLATS,CAPE TOWN,True,True,
980,vol16_246.tif-3,61,GRAY,STREET,,CAPE TOWN,,True,
981,vol16_246.tif-4,47,ALBERT,ROAD,,WOODSTOCK,,True,N
982,vol16_247.tif-1,164,ASPELING,,BLOEMHOF FLATS,CAPE TOWN,True,True,
983,vol16_247.tif-2,62,UPPER ASHLEY,STREET,,CAPE TOWN,True,True,
984,vol16_247.tif-3,15,WILLIAM,STREET,,CAPE TOWN,True,True,
985,vol16_247.tif-4,90,CANTURBURY,STREET,,CAPE TOWN,True,True,
986,vol16_248.tif-1,5,LOCH,STREET,,CAPE TOWN,,True,
987,vol16_248.tif-2,18,ECKARD,STREET,,CAPE TOWN,True,True,
988,vol16_248.tif-3,160,ASPELING,,BLOEMHOF FLATS,CAPE TOWN,True,True,
989,vol16_248.tif-4,63,ASPELING,,CANTERBURY FLATS,CAPE TOWN,True,True,
990,vol16_249.tif-1,90,CANTURBURY,STREET,,CAPE TOWN,True,True,
991,vol16_249.tif-2,91,CANTURBURY,STREET,,CAPE TOWN,True,True,
992,vol16_249.tif-3,8,COLLEGE,STREET,,CAPE TOWN,,True,
993,vol16_249.tif-4,36,RAVENSCRAIG,ROAD,WALMER ESTATE,CAPE TOWN,,True,N
994,vol16_250.tif-1,3,JOHNSON,STREET,,CAPE TOWN,,True,
995,vol16_250.tif-2,80,ASPELING,,BLOEMHOF FLATS,,True,True,
996,vol16_250.tif-3,113,REINBACH,STREET,VASCO,,True,True,N
997,vol16_250.tif-4,17,ECKARD,STREET,,,True,True,
998,vol16_251.tif-1,108,BUITENKANT,STREET,,CAPE TOWN,,True,
999,vol16_251.tif-2,144,LOWER MAIN,ROAD,,OBSERVATORY,,,N
1000,vol16_251.tif-3,5,CHATHAM,STREET,,CAPE TOWN,,True,
1001,vol16_251.tif-4,11,ECKARD,STREET,,CAPE TOWN,,True,
1002,vol16_252.tif-1,238,CALEDON,STREET,,,,True,
1003,vol16_252.tif-2,22,BALIMORAL,STREET,,,True,True,
1004,vol16_252.tif-3,120,ROCHESTER,ROAD,,CAPE TOWN,,True,
1005,vol16_252.tif-4,68,WATERKANT,STREET,,,,,
1006,vol16_253.tif-1,9,STIRLING,STREET,,,,True,
1007,vol16_253.tif-2,24,CALEDON,STREET,VERNON TERRACE,,,True,
1008,vol16_253.tif-3,19,ASPELING,,BLOEMHOF FLATS,CAPE TOWN,True,True,
1009,vol16_253.tif-4,7,SPRINGFIELD,STREET,,CAPE TOWN,,True,
1010,vol16_254.tif-1,72,STONE,STREET,,,,True,
1011,vol16_254.tif-2,15,SMART,STREET,,,,True,
1012,vol16_254.tif-3,15,SMART,STREET,,,,True,
1013,vol16_254.tif-4,17,SIDNEY,STREET,,CAPE TOWN,,True,
1014,vol16_255.tif-1,102,BARRACK,STREET,,,,True,
1015,vol16_255.tif-2,61,GRAY,STREET,,CAPE TOWN,,True,
1016,vol16_255.tif-3,33,STIRLING,STREET,FLATS,,,True,
1017,vol16_255.tif-4,7,SPRINGFIELD,STREET,,CAPE TOWN,,True,
1018,vol16_256.tif-1,8,MC GREGOR,STREET,,CAPE TOWN,True,True,
1019,vol16_256.tif-2,2,RICHMOND,STREET,,CAPE TOWN,,True,
1020,vol16_256.tif-3,139,UPPER CANTURBURY,ROAD,,CAPE TOWN,True,,
1021,vol16_256.tif-4,83,DORP,STREET,,CAPE TOWN,,,
1022,vol16_257.tif-1,17,REGENT,STREET,,WOODSTOCK,,,N
1023,vol16_257.tif-2,60,WILLIAM,STREET,,CAPE TOWN,,True,
1024,vol16_257.tif-3,40,WICHT,STREET,,CAPE TOWN,,True,
1025,vol16_257.tif-4,26,CAMBRIDGE,STREET,,CAPE TOWN,,True,
1026,vol16_258.tif-1,1,HORSBURG,LANE,,,,,
1027,vol16_258.tif-2,31,PARK,ROAD,,RONDEBOSCH,,,N
1028,vol16_258.tif-3,56,DE VILLIERS,STREET,,,True,True,
1029,vol16_258.tif-4,12,SPRINGFIELD,TERRACE,,,,True,
1030,vol16_259.tif-1,15,DE VILLIERS,STREET,,CAPE TOWN,True,True,
1031,vol16_259.tif-2,18,WATERKANT,STREET,,CAPE TOWN,,,
1032,vol16_259.tif-3,10,KENDAL,ROAD,,DIEP RIVER,,,N
1033,vol16_259.tif-4,26,DE KORTE,STREET,,CAPE TOWN,,True,
1034,vol16_260.tif-1,19,PLYMOUTH,ROAD,,CAPE TOWN,,True,
1035,vol16_260.tif-2,287,ASPELING,,BLOEMHOF FLATS,,True,True,
1036,vol16_260.tif-3,33,RUTGER,STREET,,CAPE TOWN,,True,
1037,vol16_260.tif-4,12,VINE,STREET,,MOWBRAY,,,N
1038,vol16_261.tif-1,183,ASPELING,,BLOEMHOF FLATS,CAPE TOWN,True,True,
1039,vol16_261.tif-2,7A,PRINCESS,STREET,,WALMER ESTATE,,True,N
1040,vol16_261.tif-3,15,DUKE,STREET,,,,,
1041,vol16_261.tif-4,64,DE VILLIERS,STREET,,CAPE TOWN,True,True,
1042,vol16_262.tif-1,249,ASPELING,,BLOEMHOF FLATS,CAPE TOWN,True,True,
1043,vol16_262.tif-2,48,WILLIAM,STREET,,,,True,
1044,vol16_262.tif-3,26,DE KORTE,STREET,,,True,True,
1045,vol16_262.tif-4,23,WILLIAM,STREET,,CAPE TOWN,,True,
1046,vol16_263.tif-1,"""TINA""",GRAND VUE,ROAD,,WOODSTOCK,True,,N
1047,vol16_263.tif-2,35,WRIGHT,STREET,,WOODSTOCK,,,N
1048,vol16_263.tif-3,60,ASPELING,,BLOEMHOF FLATS,CAPE TOWN,True,True,
1049,vol16_263.tif-4,104,CHAPEL,STREET,,,,True,
1050,vol16_264.tif-1,27,VIRGINIA,STREET,,CAPE TOWN,,True,
1051,vol16_264.tif-2,19,ST PHILLIPS,STREET,,CAPE TOWN,True,True,
1052,vol16_264.tif-3,12,AMSTERDAM,STREET,,CAPE TOWN,,,
1053,vol16_264.tif-4,1,STUART,STREET,,CAPE TOWN,,,
1054,vol16_265.tif-1,101,JONKET,STREET,,NASCO,,,N
1055,vol16_265.tif-2,21,LEWIS,STREET,,CAPE TOWN,,True,
1056,vol16_265.tif-3,54,BRONEWELL,STREET,,WOODSTOCK,,,N
1057,vol16_265.tif-4,69,UPPER ASHLEY,STREET,,CAPE TOWN,,True,
1058,vol16_266.tif-1,78,ROELAND,STREET,,CAPE TOWN,,True,
1059,vol16_266.tif-2,109,ASPELING,,BLOEMHOF FLATS,CAPE TOWN,True,True,
1060,vol16_266.tif-3,2,LOCH,STREET,,CAPE TOWN,True,True,
1061,vol16_266.tif-4,291,ASPELING,,BLOEMHOF FLATS,CAPE TOWN,True,True,
1062,vol16_267.tif-1,17,RICHMOND,STREET,,CAPE TOWN,,True,
1063,vol16_267.tif-2,,CAMBRIDGE,STREET,,CAPE TOWN,,True,
1064,vol16_267.tif-3,17,GODFREY,STREET,,CAPE TOWN,,True,
1065,vol16_267.tif-4,61,STUCKERIS,STREET,,CAPE TOWN,,True,
1066,vol16_268.tif-1,32,ASPELING,,CANTEBURY FLATS,CAPE TOWN,True,True,
1067,vol16_268.tif-2,32,ASPELING,,CANTEBURY FLATS,CAPE TOWN,True,True,
1068,vol16_268.tif-3,,ASPELING,,,,True,True,
1069,vol16_268.tif-4,,ASPELING,,,,True,True,
1070,vol16_269.tif-1,140,CALEDON,STREET,,CAPE TOWN,,True,
1071,vol16_269.tif-2,15,CLYDE,STREET,,CAPE TOWN,,True,
1072,vol16_269.tif-3,43,LOCH,ROAD,,RONDEBOSH,,True,N
1073,vol16_269.tif-4,16,WICHT,STREET,,CAPE TOWN,,True,
1074,vol16_270.tif-1,16,WICHT,STREET,,CAPE TOWN,,True,
1075,vol16_270.tif-2,53,6TH,STREET,,KENSINGTON,,,N
1076,vol16_270.tif-3,8,STIRLING,STREET,,CAPE TOWN,,True,
1077,vol16_270.tif-4,18,PRIMROSE,STREET,,CAPE TOWN,True,True,
1078,vol16_271.tif-1,8,HOSBURGH,LANE,,,,,
1079,vol16_271.tif-2,3,ASPELING,STREET,,CAPE TOWN,,True,
1080,vol16_271.tif-3,47,SALISBURY,STREET,,WOODSTOCK,,,N
1081,vol16_271.tif-4,43,SACKSVILLE,STREET,,,True,True,
1082,vol16_272.tif-1,21,BRUCE,STREET,,CAPE TOWN,,True,
1083,vol16_272.tif-2,16,ADAM,STREET,,CAPE TOWN,,,
1084,vol16_272.tif-3,47,RUTGER,STREET,,CAPE TOWN,True,True,
1085,vol16_272.tif-4,12,WILLIAM,STREET,,CAPE TOWN,,True,
1086,vol16_273.tif-1,,ASPELING,,"SACKVILLE GRANDE VIEW B, W.E.",WOODSTOCK,True,True,N
1087,vol16_273.tif-2,45,DUKE,STREET,,WOODSTOCK,,,N
1088,vol16_273.tif-3,56,ASPELING,,CANTEBURY FLATS,CAPE TOWN,True,True,
1089,vol16_273.tif-4,139,UPPER CANTURBURY,,,CAPE TOWN,True,,
1090,vol16_274.tif-1,107,ASPELING,,BLOEMHOF FLATS,CAPE TOWN,True,True,
1091,vol16_274.tif-2,72,STONE,STREET,,CAPE TOWN,,True,
1092,vol16_274.tif-3,72,STONE,STREET,,CAPE TOWN,,True,
1093,vol16_274.tif-4,88,HARRINGTON,STREET,,CAPE TOWN,,True,
1094,vol16_275.tif-1,21,LEWIS,STREET,,CAPE TOWN,,True,
1095,vol16_275.tif-2,8,COLLEGE,STREET,,CAPE TOWN,,True,
1096,vol16_275.tif-3,73,CONSTITUTION,STREET,,CAPE TOWN,,True,
1097,vol16_275.tif-4,12,SACKSVILLE,STREET,,CAPE TOWN,True,True,
1098,vol16_276.tif-1,120,CONSTITUTION,STREET,,CAPE TOWN,,True,
1099,vol16_276.tif-2,47,CALEDON,STREET,,CAPE TOWN,,True,
1100,vol16_276.tif-3,,ASPELING,,,,True,True,
1101,vol16_276.tif-4,6,ALBERT,STREET,,CAPE TOWN,,True,
1102,vol16_277.tif-1,60,SACKSVILLE,STREET,,CAPE TOWN,True,True,
1103,vol16_277.tif-2,24,LONGMARKET,STREET,,CAPE TOWN,,True,
1104,vol16_277.tif-3,92,ASPELING,,BLOEMHOF FLATS,CAPE TOWN,True,True,
1105,vol16_277.tif-4,62,RUTGER,STREET,,CAPE TOWN,,True,
1106,vol16_278.tif-1,67,RUTGER,STREET,,CAPE TOWN,,True,
1107,vol16_278.tif-2,225,MINK,STREET,,MATROOSFONTEIN,,,N
1108,vol16_278.tif-3,172,NEW MARKET,STREET,,WOODSTOCK,True,True,N
1109,vol16_278.tif-4,37,CONSTITUTION,STREET,FLATS,CAPE TOWN,,True,
1110,vol16_279.tif-1,10,CHAPEL,STREET,,CAPE TOWN,,True,
1111,vol16_279.tif-2,13,TENNANT,STREET,,CAPE TOWN,,True,
1112,vol16_279.tif-3,3,ROOS,STREET,,CAPE TOWN,,True,
1113,vol16_279.tif-4,13,CANNON,STREET,,CAPE TOWN,,True,
1114,vol16_280.tif-1,18,PRIMROSE,STREET,,CAPE TOWN,,True,
1115,vol16_280.tif-2,283,ASPELING,,BLOEMHOF FLATS,CAPE TOWN,True,True,
1116,vol16_280.tif-3,15,DE VILLIERS,STREET,,CAPE TOWN,,True,
1117,vol16_280.tif-4,15,DE VILLIERS,STREET,,CAPE TOWN,,True,
1118,vol16_281.tif-1,38,DE VILLIERS,STREET,,CAPE TOWN,,True,
1119,vol16_281.tif-2,143,CONSTITUTION,STREET,,CAPE TOWN,,True,
1120,vol16_281.tif-3,3,MILTON,STREET,,CAPE TOWN,,,
1121,vol16_281.tif-4,39,ASPELING,,CANTERBURY FLATS,CAPE TOWN,True,True,
1122,vol16_282.tif-1,22,KENT,STREET,,CAPE TOWN,,True,
1123,vol16_282.tif-2,100,UPPER ASHLEY,STREET,,CAPE TOWN,,True,
1124,vol16_282.tif-3,4,VAN DER MEULEN,STREET,,CAPE TOWN,,,
1125,vol16_282.tif-4,22,BUCHANAN,STREET,,CAPE TOWN,,,
1126,vol16_283.tif-1,106,SIR LOWRY,STREET,ROOM 9,CAPE TOWN,,True,
1127,vol16_283.tif-2,106,SIR LOWRY,STREET,ROOM 9,CAPE TOWN,,True,
1128,vol16_283.tif-3,218,CALEDON,STREET,,CAPE TOWN,,True,
1129,vol16_283.tif-4,5,CONSTITUTION,STREET,,CAPE TOWN,,True,
1130,vol16_284.tif-1,5,CONSTITUTION,STREET,,CAPE TOWN,,True,
1131,vol16_284.tif-2,298,ASPELING,,BLOEMHOF FLATS,,True,True,
1132,vol16_284.tif-3,17,GODFREY,STREET,,CAPE TOWN,,True,
1133,vol16_284.tif-4,124,ASPELING,,BLOEMHOF FLATS,,True,True,
1134,vol16_285.tif-1,11,MCKENZIE,STREET,,CAPE TOWN,,True,
1135,vol16_285.tif-2,17,DUKE,STREET,,WOODSTOCK,,,N
1136,vol16_285.tif-3,43,LONGMARKET,STREET,,CAPE TOWN,,True,
1137,vol16_285.tif-4,106,SIR LOWRY,STREET,ROOM 1,CAPE TOWN,,True,
1138,vol16_286.tif-1,106,SIR LOWRY,STREET,ROOM 3,CAPE TOWN,,True,
1139,vol16_286.tif-2,22,LEE,STREET,,CAPE TOWN,,True,
1140,vol16_286.tif-3,15,SMART,STREET,,,,True,
1141,vol16_286.tif-4,15,SACKSVILLE,STREET,,,True,True,
1142,vol16_287.tif-1,134,ASPELING,,BLOEMHOF FLATS,CAPE TOWN,True,True,
1143,vol16_287.tif-2,63,RUSSELL,STREET,,CAPE TOWN,,True,
1144,vol16_287.tif-3,256,ASPELING,,BLOEMHOF FLATS,CAPE TOWN,True,True,
1145,vol16_287.tif-4,15 A,JAMISON,STREET,GARDENS,CAPE TOWN,,,N
1146,vol16_288.tif-1,44,GYMPIE,STREET,,WOODSTOCK,,,N
1147,vol16_288.tif-2,88,UPPER ASHLEY,STREET,,CAPE TOWN,,True,
1148,vol16_288.tif-3,88,UPPER ASHLEY,STREET,,CAPE TOWN,,True,
1149,vol16_288.tif-4,4,OSBORNE,STREET,,CAPE TOWN,,True,
1150,vol16_289.tif-1,19,PLYMOUTH,ROAD,,CAPE TOWN,,True,
1151,vol16_289.tif-2,113,ASPELING,,BLOEMHOF FLATS,,True,True,
1152,vol16_289.tif-3,342,HANOVER,STREET,,,,True,
1153,vol16_289.tif-4,16,WILLIAM,STREET,,CAPE TOWN,,True,
1154,vol16_290.tif-1,88,UPPER ASHLEY,STREET,,CAPE TOWN,,True,
1155,vol16_290.tif-2,43,WILLIAM,STREET,,,,True,
1156,vol16_290.tif-3,46,WILLIAM,STREET,,,,True,
1157,vol16_290.tif-4,46,WILLIAM,STREET,,CAPE TOWN,,True,
1158,vol16_291.tif-1,157,ASPELING,,BLOEMHOF FLATS,,True,True,
1159,vol16_291.tif-2,26,MILLAN,STREET,,CAPE TOWN,,True,
1160,vol16_291.tif-3,46,CLYDE,STREET,,CAPE TOWN,True,True,
1161,vol16_291.tif-4,98,STONE,STREET,,,,True,
1162,vol16_292.tif-1,45,SECOND,AVENUE,,KENSINGTON,,,N
1163,vol16_292.tif-2,4,VICTORIA,ROAD,,,,,
1164,vol16_292.tif-3,26,AYRE,STREET,,,,True,
1165,vol16_292.tif-4,85,ASPELING,STREET,,,,True,
1166,vol16_293.tif-1,10,ALBERT,SQUARE,,CAPE TOWN,,True,
1167,vol16_293.tif-2,21,PARKIN,STREET,,CAPE TOWN,,True,
1168,vol16_293.tif-3,17,SIDNEY,STREET,,CAPE TOWN,,True,
1169,vol16_293.tif-4,27,BLOEM,STREET,,,,,
1170,vol16_294.tif-1,37,VAN DE LEUR,STREET,,CAPE TOWN,,True,
1171,vol16_294.tif-2,37,VAN DE LEUR,STREET,,CAPE TOWN,,True,
1172,vol16_294.tif-3,120,CONSTITUTION,STREET,,CAPE TOWN,,True,
1173,vol16_294.tif-4,13,SIDNEY,STREET,,,,True,
1174,vol16_295.tif-1,4,DE VILLIERS,LANE,OFF STUCKERIS STREET,CAPE TOWN,True,True,
1175,vol16_295.tif-2,47,RUTGER,STREET,,CAPE TOWN,True,True,
1176,vol16_295.tif-3,20,WINDSOR,STREET,,CAPE TOWN,True,True,
1177,vol16_295.tif-4,62,WILLIAM,STREET,,,,True,
1178,vol16_296.tif-1,14,ASPELING,,STIRLING STREET FLATS,,True,True,
1179,vol16_296.tif-2,22,QUEEN,STREET,,CAPE TOWN,,True,
1180,vol16_296.tif-3,50,SPRINGFELD,STREET,,CAPE TOWN,,,
1181,vol16_296.tif-4,9,ARUNDEL,STREET,,CAPE TOWN,,True,
1182,vol16_297.tif-1,68,WILLIAM,STREET,,CAPE TOWN,,True,
1183,vol16_297.tif-2,12,SUFFOLK,STREET,,GREEN POINT,,,N
1184,vol16_297.tif-3,8,COMBRINK,STREET,,CAPE TOWN,True,True,
1185,vol16_297.tif-4,25,NEW MARKET,STREET,,CAPE TOWN,,True,
1186,vol16_298.tif-1,143,ASPELING,,BLOEMHOF FLATS,,True,True,
1187,vol16_298.tif-2,37,PETUNIA,ROAD,,SILVERTOWN,,,N
1188,vol16_298.tif-3,56,ASPELING,,BLOEMHOF FLATS,CAPE TOWN,True,True,
1189,vol16_298.tif-4,22,MILLAN,STREET,,,,True,
1190,vol16_299.tif-1,6,ASPELING,,BLOEMHOF FLATS,CAPE TOWN,True,True,
1191,vol16_299.tif-2,29,REFORM,STREET,,,,True,
1192,vol16_299.tif-3,84,HORSTLEY,STREET,,CAPE TOWN,,True,
1193,vol16_299.tif-4,20,SACKSVILLE,STREET,,,True,True,
1194,vol16_300.tif-1,4,EATON,PLACE,,,,,
1195,vol16_300.tif-2,20,GRAY,STREET,,WOODSTOCK,True,True,N
1196,vol16_300.tif-3,16,MC GREGOR,STREET,,,True,True,
1197,vol16_300.tif-4,38,DE KORTE,STREET,,,True,True,
1198,vol16_301.tif-1,225,ASPELING,,BLOEMHOF FLATS,CAPE TOWN,True,True,
1199,vol16_301.tif-2,75,WILLIAM,STREET,,CAPE TOWN,,True,
1200,vol16_301.tif-3,72,QUEEN,ROAD,,WOODSTOCK,True,True,M
1201,vol16_301.tif-4,6,ECKARD,STREET,,CAPE TOWN,,True,
1202,vol16_302.tif-1,138,ASPELING,,BLOEMHOF FLATS,CAPE TOWN,True,True,
1203,vol16_302.tif-2,138,ASPELING,,BLOEMHOF FLATS,CAPE TOWN,True,True,
1204,vol16_302.tif-3,28,CONSTITUTION,STREET,FLATS,CAPE TOWN,,True,
1205,vol16_302.tif-4,28,CONSTITUTION,STREET,FLATS,CAPE TOWN,,True,
1206,vol16_303.tif-1,58,RUSSELL,STREET,,CAPE TOWN,,True,
1207,vol16_303.tif-2,29,RICHMOND,STREET,,CAPE TOWN,,True,
1208,vol16_303.tif-3,7,VIRGINIA,STREET,,CAPE TOWN,,True,
1209,vol16_303.tif-4,38,REFORM,STREET,,CAPE TOWN,,True,
1210,vol16_304.tif-1,150,VICTORIA,ROAD,,WOODSTOCK,,,N
1211,vol16_304.tif-2,15,RUSSELL,STREET,,CAPE TOWN,,True,
1212,vol16_304.tif-3,40,GRAY,STREET,,WOODSTOCK,,True,N
1213,vol16_304.tif-4,4,GRAHAM,STREET,VICTORY FLATS,CAPE TOWN,,,
1214,vol16_305.tif-1,43,WILLIAM,STREET,,CAPE TOWN,,True,
1215,vol16_305.tif-2,90,CONSTITUTION,STREET,,CAPE TOWN,,True,
1216,vol16_305.tif-3,46,WILLIAM,STREET,,CAPE TOWN,,True,
1217,vol16_305.tif-4,46,WILLIAM,STREET,,CAPE TOWN,,True,
1218,vol16_306.tif-1,16,HIERLING,STREET,FLATS,CAPE TOWN,,,
1219,vol16_306.tif-2,18,ECKARD,STREET,,CAPE TOWN,True,True,
1220,vol16_306.tif-3,4A,LEWIS,STREET,,CAPE TOWN,,True,
1221,vol16_306.tif-4,64,WILLIAM,STREET,,CAPE TOWN,,True,
1222,vol16_307.tif-1,23,SIDNEY,STREET,,CAPE TOWN,,True,
1223,vol16_307.tif-2,23,WILLIAM,STREET,,CAPE TOWN,,True,
1224,vol16_307.tif-3,9,DUNCAN,ROAD,,WYNTERF,,,N
1225,vol16_307.tif-4,94,HARRINGTON,STREET,,CAPE TOWN,,True,
1226,vol16_308.tif-1,41,GYMPIE,STREET,,WOODSTOCK,,,N
1227,vol16_308.tif-2,24,VERNON,TERRACE,,CAPE TOWN,,True,
1228,vol16_308.tif-3,86,KIEWIEBURY,BRIDGETOWN,,ATHELONE,,,N
1229,vol16_308.tif-4,11,HORSTLEY,STREET,,CAPE TOWN,,True,
1230,vol16_309.tif-1,37,RAVENSCRAIG,ROAD,,CAPE TOWN,True,True,
1231,vol16_309.tif-2,21,MCKENZIE,STREET,,CAPE TOWN,,True,
1232,vol16_309.tif-3,98,CONSTITUTION,STREET,,CAPE TOWN,,True,
1233,vol16_309.tif-4,3,CHATHAM,STREET,CLATHAM FLATS,,True,True,
1234,vol16_310.tif-1,3,CHATHAM,STREET,CLATHAM FLATS,,True,True,
1235,vol16_310.tif-2,72,DE VILLIERS,STREET,,,True,True,
1236,vol16_310.tif-3,10,COLLEGE,STREET,,CAPE TOWN,True,True,
1237,vol16_310.tif-4,10,COLLEGE,STREET,,CAPE TOWN,True,True,
1238,vol16_311.tif-1,10,COLLEGE,STREET,,CAPE TOWN,,True,
1239,vol16_311.tif-2,14,IRENE,STREET,,CAPE TOWN,,,
1240,vol16_311.tif-3,1,ROSE,COTTAGE,OFF KOEBERG STREET,MAITLAND,,,N
1241,vol16_311.tif-4,12,VICTORIA,ROAD,,WOODSTOCK,,,N
1242,vol16_312.tif-1,1,MOUNT,LANE,,CAPE TOWN,,True,
1243,vol16_312.tif-2,61,STUCKERIS,STREET,,CAPE TOWN,,True,
1244,vol16_312.tif-3,64,UPPER ASHLEY,STREET,,CAPE TOWN,,True,
1245,vol16_312.tif-4,36,LEE,STREET,,CAPE TOWN,,True,
1246,vol16_313.tif-1,169,ASPELING,,BLOEMHOF FLATS,CAPE TOWN,True,True,
1247,vol16_313.tif-2,4,CAMBRIDGE,STREET,DAHLIA FLATS,CAPE TOWN,,True,
1248,vol16_313.tif-3,97,ASPELING,,BLOEMHOF FLATS,CAPE TOWN,True,True,
1249,vol16_313.tif-4,120 A,HANOVER,STREET,,CAPE TOWN,,True,
1250,vol16_314.tif-1,15,LEE,STREET,,CAPE TOWN,,True,
1251,vol16_314.tif-2,6,ADAM,STREET,,CAPE TOWN,,,
1252,vol16_314.tif-3,24,BLYTHE,STREET,,CAPE TOWN,,True,
1253,vol16_314.tif-4,30,ASPELING,,BLOEMHOF FLATS,CAPE TOWN,True,True,
1254,vol16_315.tif-1,62,SHEPPARD,STREET,,CAPE TOWN,True,True,
1255,vol16_315.tif-2,37,BLOEMHOF,FLATS,,CAPE TOWN,,True,
1256,vol16_315.tif-3,185,HUGO,STREET,,ELSIES RIVER,,,N
1257,vol16_315.tif-4,70,ASPELING,,BLOEMHOF FLATS,CAPE TOWN,True,True,
1258,vol16_316.tif-1,6,LAVENDER,HILL,,CAPE TOWN,,True,
1259,vol16_316.tif-2,23,SPRINGFIELD,STREET,,CAPE TOWN,,True,
1260,vol16_316.tif-3,13,ASHLEY,STREET,,CAPE TOWN,,True,
1261,vol16_316.tif-4,38,FOURTH,STREET,,KENSINGTON,,,N
1262,vol16_317.tif-1,335,HANOVER,STREET,,,,True,
1263,vol16_317.tif-2,68,WILLIAM,STREET,,,,True,
1264,vol16_317.tif-3,33,YARD,STREET,,WOODSTOCK,,,N
1265,vol16_317.tif-4,184,CALEDON,STREET,,,,True,
1266,vol16_318.tif-1,14,SACKSVILLE,STREET,,CAPE TOWN,True,True,
1267,vol16_318.tif-2,11,LOCH,STREET,,CAPE TOWN,True,True,
1268,vol16_318.tif-3,11,BROWN,STREET,,CAPE TOWN,,,
1269,vol16_318.tif-4,58,DE VILLIERS,STREET,FLATS,CAPE TOWN,,True,
1270,vol16_319.tif-1,78,BRYANT,STREET,,CAPE TOWN,,,
1271,vol16_319.tif-2,36,VREDE,STREET,,CAPE TOWN,,,
1272,vol16_319.tif-3,65,DUKE,STREET,,WOODSTOCK,,,N
1273,vol16_319.tif-4,16,CHATHAM,STREET,,CAPE TOWN,,True,
1274,vol16_320.tif-1,246,ASPELING,,BLOEMHOF FLATS,CAPE TOWN,True,True,
1275,vol16_320.tif-2,4,VRIENDE,STREET,MILBRITA COURT,GARDENS,,,N
1276,vol16_320.tif-3,106,SIR LOWRY,ROAD,FLAT 1,CAPE TOWN,,True,
1277,vol16_320.tif-4,14,STIRLING,STREET,FLATS,CAPE TOWN,,True,
1278,vol16_321.tif-1,60,SACKSVILLE,STREET,,CAPE TOWN,True,True,
1279,vol16_321.tif-2,24,STIRLING,STREET,,CAPE TOWN,,True,
1280,vol16_321.tif-3,18,CHATHAM,STREET,,CAPE TOWN,,True,
1281,vol16_321.tif-4,1,ST THOMAS,STREET,,CAPE TOWN,,,
1282,vol16_322.tif-1,286,ASPELING,,BLOEMHOF FLATS,CAPE TOWN,True,True,
1283,vol16_322.tif-2,145,CONSTITUTION,STREET,,CAPE TOWN,,True,
1284,vol16_322.tif-3,21,BLYTHE,STREET,,CAPE TOWN,True,True,
1285,vol16_322.tif-4,,GRAND VUE,ROAD,TINA,"W.E., WOODSTOCK",,,N
1286,vol16_323.tif-1,15,SMART,STREET,,CAPE TOWN,,True,
1287,vol16_323.tif-2,,OTTERY,ROAD,SEFTON VILLA,WYNBERG,,,N
1288,vol16_323.tif-3,11,CORONATION,ROAD,,CAPE TOWN,,,
1289,vol16_323.tif-4,17,ECKARD,STREET,,CAPE TOWN,,True,
1290,vol16_324.tif-1,51,PEDERSEN,STREET,,CAPE TOWN,True,True,
1291,vol16_324.tif-2,37,STONE,STREET,,CAPE TOWN,,True,
1292,vol16_324.tif-3,13,DUKE,STREET,,WOODSTOCK,,,N
1293,vol16_324.tif-4,3,MOUNT,STREET,SOREY LANE,CAPE TOWN,,True,
1294,vol16_325.tif-1,286,ASPELING,,BLOEMHOF FLATS,CAPE TOWN,True,True,
1295,vol16_325.tif-2,7,GODFREY,STREET,,CAPE TOWN,,True,
1296,vol16_325.tif-3,26,MILLAN,STREET,,CAPE TOWN,True,True,
1297,vol16_325.tif-4,140,CALEDON,STREET,,CAPE TOWN,,True,
1298,vol16_326.tif-1,19,PLYMOUTH,ROAD,,CAPE TOWN,,True,
1299,vol16_326.tif-2,,ASPELING,,"1ST STREET, 4TH AVENUE, IRENE CRESCENT",GRASSY PARK,True,True,N
1300,vol16_326.tif-3,39,ASPELING,,BLOEMHOF FLATS,,True,True,
1301,vol16_326.tif-4,6,ASPELING,,BLOEMHOF FLATS,,True,True,
1302,vol16_327.tif-1,38,DE VILLIERS,STREET,FLATS,CAPE TOWN,,True,
1303,vol16_327.tif-2,120,CONSTITUTION,STREET,,CAPE TOWN,,True,
1304,vol16_327.tif-3,17,STIRLING,STREET,,,,True,
1305,vol16_327.tif-4,106,SIR LOWRY,STREET,,,,True,
1306,vol16_328.tif-1,13,SACKSVILLE,STREET,,,True,True,
1307,vol16_328.tif-2,78,WILLIAM,STREET,,,,True,
1308,vol16_328.tif-3,106,SIR LOWRY,ROAD,,,,True,
1309,vol16_328.tif-4,66,QUEEN,STREET,,,,True,
1310,vol16_329.tif-1,,ASPELING,,WELLINGTON,,True,True,
1311,vol16_329.tif-2,,HARRINGTON,STREET,,,,True,
1312,vol16_329.tif-3,,BEANFORT,STREET,,GOODWOOD,,,N
1313,vol16_329.tif-4,120,CONSTITUTION,STREET,,CAPE TOWN,,True,
1314,vol16_330.tif-1,17,STIRLING,STREET,,,,True,
1315,vol16_330.tif-2,39,ASPELING,,BLOEMHOF FLATS,CAPE TOWN,True,True,
1316,vol16_330.tif-3,13,CANNON,STREET,,,,True,
1317,vol16_330.tif-4,7,CANNON,STREET,23,,,True,
1318,vol16_331.tif-1,193,ASPELING,,BLOEMHOF FLATS,,True,True,
1319,vol16_331.tif-2,14,SUMMER,HILL,,,,True,
1320,vol16_332.tif-1,20,CHAPEL,STREET,,CAPE TOWN,,True,
1321,vol16_332.tif-2,249,ASPELING,,BLOEMHOF FLATS,,True,True,
1322,vol16_332.tif-3,85,CONSTITUTION,STREET,,CAPE TOWN,,True,
1323,vol16_332.tif-4,17,GODFREY,STREET,,CAPE TOWN,,True,
1324,vol16_333.tif-1,16,WICHT,STREET,,CAPE TOWN,,True,
1325,vol16_333.tif-2,40,ASPELING,,BLOEMHOF FLATS,CAPE TOWN,True,True,
1326,vol16_333.tif-3,1,ARUNDEL,STREET,,CAPE TOWN,,True,
1327,vol16_333.tif-4,257,ASPELING,,BLOEMHOF FLATS,,True,True,
1328,vol16_334.tif-1,39,ASPELING,STREET,,CAPE TOWN,,True,
1329,vol16_334.tif-2,83,DORP,STREET,,CAPE TOWN,,,
1330,vol16_334.tif-3,286,HANOVER,STREET,,,,True,
1331,vol16_334.tif-4,99,CONSTITUTION,STREET,,,,True,
1332,vol16_335.tif-1,48,ECKARD,STREET,,CAPE TOWN,,True,
1333,vol16_335.tif-2,11,STIRLING,STREET,FLATS,CAPE TOWN,,True,
1334,vol16_335.tif-3,,FIFTH,AVENUE,,RETREAT,,,N
1335,vol16_335.tif-4,3,HIGH,STREET,,CAPE TOWN,,True,
1336,vol16_336.tif-1,4,JOPPLAN,ROAD,ROSALIE,PLUMSTEAD,,,N
1337,vol16_336.tif-2,1,DUFF,LANE,,CAPE TOWN,,,
1338,vol16_336.tif-3,71,ASPELING,,CANTERBURY FLATS,CAPE TOWN,True,True,
1339,vol16_336.tif-4,11,BROWN,STREET,,CAPE TOWN,,,
1340,vol16_337.tif-1,8,GLOUCESTER,STREET,,CAPE TOWN,,True,
1341,vol16_337.tif-2,48,LONGMARKET,STREET,,CAPE TOWN,,True,
1342,vol16_337.tif-3,11,BROWN,STREET,,CAPE TOWN,,,
1343,vol16_337.tif-4,35,NEW CHURCH,STREET,,CAPE TOWN,,,
1344,vol16_338.tif-1,21,WILLIAM,STREET,,CAPE TOWN,,True,
1345,vol16_338.tif-2,61,TENNANT,STREET,,CAPE TOWN,,True,
1346,vol16_338.tif-3,295,ASPELING,,BLOEMHOF FLATS,CAPE TOWN,True,True,
1347,vol16_338.tif-4,3,CHATHAM,STREET,CHATHAM FLATS,CAPE TOWN,,True,
1348,vol16_339.tif-1,,ROUWKOP,AVENUE,HILL COTTAGES,RONDEBOSCH,,,N
1349,vol16_339.tif-2,23,MCKENZIE,STREET,,CAPE TOWN,,True,
1350,vol16_339.tif-3,30,COMBRINK,STREET,,CAPE TOWN,,True,
1351,vol16_339.tif-4,25,COVENTRY,ROAD,,WOODSTOCK,,,N
1352,vol16_340.tif-1,,KEPPEL,STREET,MARGOT,WOODSTOCK,,,N
1353,vol16_340.tif-2,21,ROCHESTER,ROAD,,CAPE TOWN,,True,
1354,vol16_340.tif-3,56,CANTURBURY,FLATS,,CAPE TOWN,True,True,
1355,vol16_340.tif-4,30,WICHT,STREET,,CAPE TOWN,,True,
1356,vol16_341.tif-1,24,BLYTHE,STREET,,CAPE TOWN,,True,
1357,vol16_341.tif-2,1,GLYNN,STREET,,GARDENS,,True,N
1358,vol16_341.tif-3,122,HOUT,STREET,,CAPE TOWN,,,
1359,vol16_341.tif-4,273,BLOEMHOF,FLATS,,CAPE TOWN,,True,
1360,vol16_342.tif-1,1,CAMBRIDGE,STREET,WALMER ESTATES,CAPE TOWN,,True,
1361,vol16_342.tif-2,21,CHAPEL,STREET,,CAPE TOWN,,True,
1362,vol16_342.tif-3,23,MCKENZIE,STREET,,,,True,
1363,vol16_342.tif-4,92,CONSTITUTION,STREET,,CAPE TOWN,,True,
1364,vol16_343.tif-1,10,COLLEGE,STREET,,CAPE TOWN,,True,
1365,vol16_343.tif-2,10,COLLEGE,STREET,,CAPE TOWN,,True,
1366,vol16_343.tif-3,4,CHATHAM,STREET,VICTORY FLATS,CAPE TOWN,,True,
1367,vol16_343.tif-4,7,WORCESTER,ROAD,,CAPE TOWN,,True,
1368,vol16_344.tif-1,47,SHEPPARD,STREET,,CAPE TOWN,,True,
1369,vol16_344.tif-2,46,CLYDE,STREET,,CAPE TOWN,True,True,
1370,vol16_344.tif-3,2,SMART,LANE,,CAPE TOWN,,True,
1371,vol16_344.tif-4,143,ASPELING,,BLOEMHOF FLATS,CAPE TOWN,True,True,
1372,vol16_345.tif-1,95,CHAPEL,STREET,,CAPE TOWN,,True,
1373,vol16_345.tif-2,,CHAPEL,STREET,,CAPE TOWN,,True,
1374,vol16_345.tif-3,6,LAVENDER,HILL,,CAPE TOWN,,True,
1375,vol16_345.tif-4,5,LOCH,STREET,,CAPE TOWN,,True,
1376,vol16_346.tif-1,17,RUSSELL,STREET,,CAPE TOWN,,True,
1377,vol16_346.tif-2,20,WINDSOR,STREET,,CAPE TOWN,,True,
1378,vol16_346.tif-3,58,COUST,STREET,CANTEBURY FLATS,CAPE TOWN,,,
1379,vol16_346.tif-4,24,GODFREY,STREET,,CAPE TOWN,,True,
1380,vol16_347.tif-1,33,MOUNT,STREET,,CAPE TOWN,,True,
1381,vol16_347.tif-2,49,HORSTLEY,STREET,,,,True,
1382,vol16_347.tif-3,20,PARKIN,STREET,,CAPE TOWN,,True,
1383,vol16_347.tif-4,73,GRAY,STREET,,CAPE TOWN,,True,
1384,vol16_348.tif-1,7,SPRINGFIELD,STREET,,CAPE TOWN,,True,
1385,vol16_348.tif-2,8,SPRINGFIELD,STREET,,CAPE TOWN,,True,
1386,vol16_348.tif-3,1066,DE WAALS,DRIVE,18 LYMMINGTON TERRACE,CAPE TOWN,True,True,
1387,vol16_348.tif-4,4,PEDERSEN,STREET,,CAPE TOWN,,True,
1388,vol16_349.tif-1,41,SACKSVILLE,STREET,,CAPE TOWN,True,True,
1389,vol16_349.tif-2,50,RUSSELL,STREET,,CAPE TOWN,,True,
1390,vol16_349.tif-3,12,SUFFALK,STREET,,CAPE TOWN,,,
1391,vol16_349.tif-4,38,PONTAC,STREET,,CAPE TOWN,,True,
1392,vol16_350.tif-1,1,ASPELING,,DE VILLIERS STREET FLATS,CAPE TOWN,True,True,
1393,vol16_350.tif-2,70,PEDERSEN,STREET,,CAPE TOWN,,True,
1394,vol16_350.tif-3,33,RUTGER,STREET,,CAPE TOWN,,True,
1395,vol16_350.tif-4,65,CONSTITUTION,STREET,,,,True,
1396,vol16_351.tif-1,10,ERITH,ROAD,,CAPE TOWN,True,True,
1397,vol16_351.tif-2,19,CHAPEL,STREET,,,,True,
1398,vol16_351.tif-3,143,CONSTITUTION,STREET,,CAPE TOWN,,True,
1399,vol16_351.tif-4,216,ASPELING,,BLOEMHOF FLATS,,True,True,
1400,vol16_352.tif-1,7,ASPELING,,STIRLING STREET FLATS,,True,True,
1401,vol16_352.tif-2,43,DUKE,STREET,,WOODSTOCK,,,N
1402,vol16_352.tif-3,21,MCKENZIE,STREET,,CAPE TOWN,,True,
1403,vol16_352.tif-4,37,SHEPPARD,STREET,,CAPE TOWN,,True,
1404,vol16_353.tif-1,11,PRINCESS,STREET,WALMER ESTATE,CAPE TOWN,,True,
1405,vol16_353.tif-2,12,FRANCIS,STREET,,CAPE TOWN,,True,
1406,vol16_353.tif-3,58,PONTAC,STREET,,CAPE TOWN,,True,
1407,vol16_353.tif-4,38,COWLEY,STREET,,CAPE TOWN,,True,
1408,vol16_354.tif-1,53,MOUNT,STREET,,CAPE TOWN,True,True,
1409,vol16_354.tif-2,3,JOHNSON,STREET,,CAPE TOWN,,True,
1410,vol16_354.tif-3,4,PROSPECT,AVENUE,,CAPE TOWN,,True,
1411,vol16_354.tif-4,4,PROSPECT,AVENUE,,CAPE TOWN,,True,
1412,vol16_355.tif-1,4,PROSPECT,AVENUE,,CAPE TOWN,,True,
1413,vol16_355.tif-2,15,CLYDE,STREET,,CAPE TOWN,True,True,
1414,vol16_355.tif-3,6,ALBERT,STREET,,CAPE TOWN,,True,
1415,vol16_355.tif-4,15,RUSSELL,STREET,,CAPE TOWN,,True,
1416,vol16_356.tif-1,172,NEW MARKET,STREET,,WOODSTOCK,True,True,N
1417,vol16_356.tif-2,47,RUTGER,STREET,,CAPE TOWN,,True,
1418,vol16_356.tif-3,16,VOGELZANG,STREET,,CAPE TOWN,True,True,
1419,vol16_356.tif-4,17,MOUNT,STREET,,CAPE TOWN,,True,
1420,vol16_357.tif-1,88,UPPER ASHLEY,STREET,,CAPE TOWN,,True,
1421,vol16_357.tif-2,13,STIRLING,STREET,FLATS,CAPE TOWN,,True,
1422,vol16_357.tif-3,48,GRAY,STREET,,CAPE TOWN,True,True,
1423,vol16_357.tif-4,10,ALBERT,LANE,,CAPE TOWN,,True,
1424,vol16_358.tif-1,5,DENNE,STREET,,BRIDGETOWN,,,N
1425,vol16_358.tif-2,37,VAN DE LEUR,STREET,,CAPE TOWN,,True,N
1426,vol16_358.tif-3,28,RICHMOND,STREET,,CAPE TOWN,,True,
1427,vol16_358.tif-4,20,WILLIAM,STREET,,CAPE TOWN,,True,
1428,vol16_359.tif-1,120,CONSTITUTION,STREET,,CAPE TOWN,,True,
1429,vol16_359.tif-2,2,CHATHAM,STREET,VICTORY FLATS,CAPE TOWN,,True,
1430,vol16_359.tif-3,2,CHATHAM,STREET,VICTORY FLATS,CAPE TOWN,,True,
1431,vol16_359.tif-4,2,CHATHAM,STREET,VICTORY FLATS,CAPE TOWN,,True,
1432,vol16_360.tif-1,2,CHATHAM,STREET,VICTORY FLATS,CAPE TOWN,,True,
1433,vol16_360.tif-2,30,RICHMOND,STREET,,CAPE TOWN,,True,
1434,vol16_360.tif-3,43,DUKE,STREET,,WOODSTOCK,,,N
1435,vol16_360.tif-4,52,RUSSELL,STREET,,CAPE TOWN,,True,
1436,vol16_361.tif-1,33,RUSSELL,STREET,,CAPE TOWN,,True,
1437,vol16_361.tif-2,48,CHESTER,ROAD,,"W.E., WOODSTOCK",,True,N
1438,vol16_361.tif-3,2,MARSDEN,ROAD,FOREST VIEW,"W.E., WOODSTOCK",,True,N
1439,vol16_361.tif-4,8,HORSBERG,LANE,,CAPE TOWN,,,
1440,vol16_362.tif-1,21,LAVENDER,HILL,,,,True,
1441,vol16_362.tif-2,29,ASPELING,,CANTERBURY FLATS,CAPE TOWN,True,True,
1442,vol16_362.tif-3,131,CALEDON,STREET,,CAPE TOWN,,True,
1443,vol16_362.tif-4,48,WILLIAM,STREET,,CAPE TOWN,,True,
1444,vol16_363.tif-1,52,ROGER,STREET,,CAPE TOWN,,True,
1445,vol16_363.tif-2,32,NILE,STREET,,CAPE TOWN,,True,
1446,vol16_363.tif-3,3,MILTON,STREET,,CAPE TOWN,,,
1447,vol16_363.tif-4,1,MARSDEN,ROAD,FOREST VIEW,WALMER ESTATE,,True,N
1448,vol16_364.tif-1,30,KITCHENER,ROAD,,WOODSTOCK,,,N
1449,vol16_364.tif-2,13,CANNON,STREET,,CAPE TOWN,,True,
1450,vol16_364.tif-3,74,VAN DE LEUR,STREET,,CAPE TOWN,True,True,
1451,vol16_364.tif-4,27,PEDERSEN,STREET,,CAPE TOWN,,True,
1452,vol16_365.tif-1,8,STIRLING,STREET,,CAPE TOWN,,True,
1453,vol16_365.tif-2,59,WILLIAM,STREET,,CAPE TOWN,,True,
1454,vol16_365.tif-3,44,DUKE,STREET,,WOODSTOCK,,,N
1455,vol16_365.tif-4,67,CLIFTON,STREET,,CAPE TOWN,,True,
1456,vol16_366.tif-1,13,ST VINCENT,STREET,,CAPE TOWN,,True,
1457,vol16_366.tif-2,173,ASPELING,,BLOEMHOF FLATS,CAPE TOWN,True,True,
1458,vol16_366.tif-3,31,STIRLING,STREET,,CAPE TOWN,,True,
1459,vol16_366.tif-4,31,STIRLING,STREET,,CAPE TOWN,,True,
1460,vol16_367.tif-1,LAS PALMAS,CHURCH,STREET,,CRANFOD,,,N
1461,vol16_367.tif-2,33,MOUNT,STREET,,,,True,
1462,vol16_367.tif-3,342,HANOVER,STREET,,,,True,
1463,vol16_367.tif-4,3,WEAVER,COURT,,BRIDGETOWN,,,N
1464,vol16_368.tif-1,4,LAVENDER,HILL,,CAPE TOWN,,True,
1465,vol16_368.tif-2,15,DE VILLIERS,STREET,,CAPE TOWN,,True,
1466,vol16_368.tif-3,30,PARKIN,STREET,,CAPE TOWN,,True,
1467,vol16_368.tif-4,66,QUEEN,STREET,,,,True,
1468,vol16_369.tif-1,109,ROELAND,STREET,,CAPE TOWN,,True,
1469,vol16_369.tif-2,57,TENNANT,STREET,,,,True,
1470,vol16_369.tif-3,24,STIRLING,STREET,,,,True,
1471,vol16_370.tif-1,26,ASPELING,,BLOEMHOF FLATS,CAPE TOWN,True,True,
1472,vol16_370.tif-2,26,ASPELING,,BLOEMHOF FLATS,CAPE TOWN,True,True,
1473,vol16_370.tif-3,211,ASPELING,,BLOEMHOF FLATS,CAPE TOWN,True,True,
1474,vol16_370.tif-4,67,RUTGER,STREET,,,,True,
1475,vol16_371.tif-1,217,CALEDON,STREET,,,,True,
1476,vol16_371.tif-2,45,DUKE,STREET,,WOODSTOCK,,,N
1477,vol16_371.tif-3,131,ASPELING,,BLOEMHOF FLATS,CAPE TOWN,True,True,
1478,vol16_371.tif-4,7,CHATHAM,STREET,,CAPE TOWN,,True,
1479,vol16_372.tif-1,65,CANTURBURY,STREET,,,True,True,
1480,vol16_372.tif-2,11,PEDERSEN,STREET,,,,True,
1481,vol16_372.tif-3,85,ASPELING,,BLOEMHOF FLATS,,True,True,
1482,vol16_372.tif-4,21,LAVENDER,HILL,,CAPE TOWN,,True,
1483,vol16_372.tif-5,83,QUEEN,STREET,,,,True,
1484,vol16_373.tif-1,28,PARKIN,STREET,,CAPE TOWN,,True,
1485,vol16_373.tif-2,38,IRENE,STREET,,CAPE TOWN,,,
1486,vol16_373.tif-3,7,MAYNARD,STREET,,CAPE TOWN,,,
1487,vol16_373.tif-4,243,ASPELING,,BLOEMHOF FLATS,CAPE TOWN,True,True,
1488,vol16_374.tif-1,16,WILLIAM,STREET,,CAPE TOWN,,True,
1489,vol16_374.tif-2,276,CALEDON,STREET,,CAPE TOWN,,True,
1490,vol16_374.tif-3,15,RUSSELL,STREET,,CAPE TOWN,,True,
1491,vol16_374.tif-4,5,CHATHAM,STREET,,CAPE TOWN,,True,
1492,vol16_375.tif-1,38,STONE,STREET,,CAPE TOWN,,True,
1493,vol16_375.tif-2,234,ASPELING,,BLOEMHOF FLATS,CAPE TOWN,True,True,
1494,vol16_375.tif-3,61,CONSTITUTION,STREET,,CAPE TOWN,,True,
1495,vol16_375.tif-4,38,DE VILLIERS,STREET,FLATS,CAPE TOWN,,True,
1496,vol16_376.tif-1,3,CAMBRIDGE,STREET,,CAPE TOWN,,True,
1497,vol16_376.tif-2,46,WILLIAM,STREET,,CAPE TOWN,,True,
1498,vol16_376.tif-3,102,CONSTITUTION,STREET,,CAPE TOWN,,True,
1499,vol16_376.tif-4,24,VERNON,TERRACE,,CAPE TOWN,,True,
1500,vol16_377.tif-1,67,BALFOUR,ROAD,,RONDEBOSCH,,True,N
1501,vol16_377.tif-2,2,RICHMOND,STREET,,CAPE TOWN,,True,
1502,vol16_377.tif-3,4,EATON,PLACE,,CAPE TOWN,,,
1503,vol16_377.tif-4,75,SHEPPARD,STREET,,CAPE TOWN,,True,
1504,vol16_378.tif-1,8,ARMSKIRK,STREET,,WOODSTOCK,,,N
1505,vol16_378.tif-2,15,CHURCH,STREET,,WOODSTOCK,,,N
1506,vol16_378.tif-3,87,HORSTLEY,STREET,,CAPE TOWN,,True,
1507,vol16_378.tif-4,64,ASPELING,,BLOEMHOF FLATS,CAPE TOWN,True,True,
1508,vol16_379.tif-1,38,DRURY,LANE,,CAPE TOWN,,True,
1509,vol16_379.tif-2,SACKVILLE,GRAND VUE,ROAD,,WALMER ESTATE,True,,N
1510,vol16_379.tif-3,104,CHAPEL,STREET,,CAPE TOWN,,True,
1511,vol16_379.tif-4,2,KENT,STREET,,CAPE TOWN,,True,
1512,vol16_380.tif-1,2,KENT,STREET,,CAPE TOWN,,True,
1513,vol16_380.tif-2,2,KENT,STREET,,CAPE TOWN,,True,
1514,vol16_380.tif-3,19,PLYMOUTH,ROAD,,CAPE TOWN,,True,
1515,vol16_380.tif-4,19,PLYMOUTH,ROAD,,CAPE TOWN,,True,
1516,vol16_381.tif-1,19,PLYMOUTH,ROAD,,CAPE TOWN,,True,
1517,vol16_381.tif-2,20,PLYMOUTH,ROAD,,CAPE TOWN,,True,
1518,vol16_381.tif-3,108,ASPELING,,BLOEMHOF FLATS,,True,True,
1519,vol16_381.tif-4,102,CHAMBERLAIN,STREET,,WOODSTOCK,,,N
1520,vol16_382.tif-1,103,CHAMBERLAIN,STREET,,WOODSTOCK,,,N
1521,vol16_382.tif-2,52,FRANCIS,STREET,,CAPE TOWN,,True,
1522,vol16_382.tif-3,75,LONGMARKET,STREET,,CAPE TOWN,,True,
1523,vol16_382.tif-4,11,VIRGINIA,STREET,,CAPE TOWN,,True,
1524,vol16_383.tif-1,30,ASPELING,,BLOEMHOF FLATS,CAPE TOWN,True,True,
1525,vol16_383.tif-2,20,CHAPEL,STREET,,CAPE TOWN,,True,
1526,vol16_383.tif-3,20,CHAPEL,STREET,,CAPE TOWN,,True,
1527,vol16_383.tif-4,27,VIRGINIA,STREET,,CAPE TOWN,,True,
1528,vol16_384.tif-1,23,WILLIAM,STREET,,CAPE TOWN,,True,
1529,vol16_384.tif-2,11,CORONATION,ROAD,WALMER ESTATES,CAPE TOWN,,,
1530,vol16_384.tif-3,17,GODFREY,STREET,,CAPE TOWN,,True,
1531,vol16_384.tif-4,26,MILLAN,STREET,,CAPE TOWN,True,True,
1532,vol16_385.tif-1,98,STONE,STREET,,CAPE TOWN,,True,
1533,vol16_385.tif-2,64,UPPER ASHLEY,STREET,,CAPE TOWN,,True,
1534,vol16_385.tif-3,"""Vaeugde""",MELBOURNE,ROAD,WALMER ESTATES,WOODSTOCK,,,N
1535,vol16_385.tif-4,20,DEUCHWONK,ROAD,GLEEMOOR,ATHLONE,,,N
1536,vol16_386.tif-1,43,LOCH,ROAD,,RONDEBOSCH,,True,N
1537,vol16_386.tif-2,86,8TH,AVENUE,,WINDEMERE,,,N
1538,vol16_386.tif-3,386,HANOVER,STREET,,CAPE TOWN,,True,
1539,vol16_386.tif-4,18,PRIMROSE,STREET,,CAPE TOWN,,True,
1540,vol16_387.tif-1,8,COLLEGE,STREET,,CAPE TOWN,,True,
1541,vol16_387.tif-2,176,BREE,STREET,,CAPE TOWN,,,
1542,vol16_387.tif-3,16,CLYDE,STREET,,CAPE TOWN,True,True,
1543,vol16_387.tif-4,17,GODFREY,STREET,,CAPE TOWN,,True,
1544,vol16_388.tif-1,4,CHATHAM,STREET,CHATHAM FLATS,CAPE TOWN,,True,
1545,vol16_388.tif-2,1,CHATHAM,STREET,CHATHAM FLATS,CAPE TOWN,,True,
1546,vol16_388.tif-3,10,ERITH,ROAD,,CAPE TOWN,,True,
1547,vol16_388.tif-4,210,ASPELING,,BLOEMHOF FLATS,,True,True,
1548,vol16_389.tif-1,2,KENT,STREET,,CAPE TOWN,,True,
1549,vol16_389.tif-2,17,GODFREY,STREET,,CAPE TOWN,,True,
1550,vol16_389.tif-3,229,CALEDON,STREET,,CAPE TOWN,,True,
1551,vol16_389.tif-4,,CANTURBURY,STREET,STONESBY LEWIS HOSTEL,,True,True,
1552,vol16_390.tif-1,29,LOADER,STREET,,CAPE TOWN,,,
1553,vol16_390.tif-2,59,KITCHENER,ROAD,,WOODSTOCK,,,N
1554,vol16_390.tif-3,83,DORP,STREET,,CAPE TOWN,,,
1555,vol16_390.tif-4,97,CALEDON,STREET,,,,True,
1556,vol16_391.tif-1,23,SYDNEY,STREET,,,,,
1557,vol16_391.tif-2,6,GORE,STREET,,,,True,
1558,vol16_391.tif-3,120,ASPELING,,BLOEMHOF FLATS,,True,True,
1559,vol16_391.tif-4,8,MC GREGOR,STREET,,,True,True,
1560,vol16_392.tif-1,18,STONE,STREET,,CAPE TOWN,,True,
1561,vol16_392.tif-2,6,HORSBERGH,LANE,,CAPE TOWN,,,
1562,vol16_392.tif-3,49,MOUNT,STREET,,CAPE TOWN,,True,
1563,vol16_393.tif-ALL,,ASPELING,,,,True,True,
1564,vol16_394.tif-1,2,KENT,STREET,,CAPE TOWN,,True,
1565,vol16_394.tif-2,78,WILLIAM,STREET,,CAPE TOWN,,True,
1566,vol16_394.tif-3,92,CONSTITUTION,STREET,,,,True,
1567,vol16_394.tif-4,11,DE VILLIERS,STREET,,CAPE TOWN,,True,
1568,vol16_395.tif-1,29,LEVER,STREET,,WALMER ESTATE,,True,N
1569,vol16_395.tif-2,239,ASPELING,,BLOEMHOF FLATS,,True,True,
1570,vol16_395.tif-3,177,ASPELING,,BLOEMHOF FLATS,,True,True,
1571,vol16_395.tif-4,64,WILLIAM,STREET,,,,True,
1572,vol16_396.tif-1,60,WILLIAM,STREET,,,,True,
1573,vol16_396.tif-2,,ASPELING,,,,True,True,
1574,vol16_396.tif-3,,ASPELING,,,,True,True,
1575,vol16_396.tif-4,,SECOND,AVENUE,,BELGRAVIA ESTATE,,,N
1576,vol16_397.tif-1,2,HIGH,STREET,OFF HANOVER STREET,CAPE TOWN,,True,
1577,vol16_397.tif-2,26,DE KORTE,STREET,,CAPE TOWN,,True,
1578,vol16_397.tif-3,1,HORSBURG,LANE,,CAPE TOWN,,,
1579,vol16_397.tif-4,55,DE VILLIERS,STREET,FLATS,CAPE TOWN,,True,
1580,vol16_398.tif-1,1,CANON,ROAD,,,True,,
1581,vol16_398.tif-2,3,STIRLING,STREET,,CAPE TOWN,,True,
1582,vol16_398.tif-3,48,CHESTER,ROAD,,WALMER ESTATE,,True,N
1583,vol16_398.tif-4,19,LEWIS,STREET,,,,True,
1584,vol16_399.tif-1,36,IRENE,STREET,,CAPE TOWN,,,
1585,vol16_399.tif-2,LAINDON,ALMAR,ROAD,,LANDSDOWNE,,,N
1586,vol16_399.tif-3,60,WILLIAM,STREET,,CAPE TOWN,,True,
1587,vol16_399.tif-4,33,STUCKERIS,STREET,,,,True,
1588,vol16_400.tif-1,27,VIRGINIA,STREET,,CAPE TOWN,,True,
1589,vol16_400.tif-2,14,ROOS,STREET,,,,True,
1590,vol16_400.tif-3,101,ASPELING,,BLOEMHOF FLATS,,True,True,
1591,vol16_400.tif-4,342,HANOVER,STREET,,CAPE TOWN,,True,
