Street,ID,Match
CALEDON,vol16_137.tif-3,True
LONGMARKET,vol16_137.tif-2,True
NEWMARKET,vol16_137.tif-1,False
CALEDON,vol16_137.tif-4,True
WILLIAM,vol16_295.tif-4,True
DE VILLERS,vol16_295.tif-1,False
RUTGEN,vol16_295.tif-2,False
WINDSER,vol16_295.tif-3,False
LEWIS,vol16_155.tif-4,True
ST VINCENT,vol16_155.tif-3,True
BRUCE,vol16_155.tif-2,True
HANOVER,vol16_155.tif-1,True
ST LEDGER,vol16_064.tif-4,False
LEE,vol16_064.tif-2,True
GRAY,vol16_064.tif-3,True
WILLIAM,vol16_064.tif-1,True
MCKENZIE,vol16_016.tif-4,True
PRIMROSE,vol16_054.tif-3,True
OXFORD,vol16_054.tif-2,True
ALBERT,vol16_054.tif-1,True
TENNANT,vol16_054.tif-4,True
KLOOF NEK,vol16_032.tif-4,False
HANOVER,vol16_032.tif-3,True
BEVERLEY,vol16_032.tif-2,False
CONSTITUTION,vol16_032.tif-1,True
SIDNEY,vol16_238.tif-3,True
FILBURG,vol16_238.tif-2,False
,vol16_238.tif-1,False
,vol16_238.tif-4,False
HORSBERGH,vol16_392.tif-2,False
MOUNT,vol16_392.tif-3,True
STONE,vol16_392.tif-1,True
,vol16_048.tif-1,False
OXFORD,vol16_048.tif-2,True
ARUNDEL,vol16_048.tif-3,True
CONSTITUTION,vol16_048.tif-4,True
CONSTITUTION,vol16_305.tif-2,True
WILLIAM,vol16_305.tif-3,True
WILLIAM,vol16_305.tif-1,True
WILLIAM,vol16_305.tif-4,True
DE KORTE,vol16_259.tif-4,True
DE VILLIER,vol16_259.tif-1,False
WATERKANT,vol16_259.tif-2,False
KENDAL,vol16_259.tif-3,False
,vol16_315.tif-4,False
SHEPPARTD,vol16_315.tif-1,False
HUGO,vol16_315.tif-3,False
BLOEMHOF,vol16_315.tif-2,True
CANNON,vol16_124.tif-3,True
CONSTITUTION,vol16_124.tif-2,True
PRIMROSE,vol16_124.tif-1,True
SPRINGFIELD TERRACE OFF PONTIAC,vol16_196.tif-1,False
4TH,vol16_196.tif-2,False
MOUNT,vol16_124.tif-4,True
CHAPEL,vol16_089.tif-1,True
,vol16_145.tif-4,False
ECKARD,vol16_145.tif-1,True
,vol16_145.tif-2,False
STONE,vol16_145.tif-3,True
RICHMOND,vol16_089.tif-2,True
SIR LOWRY,vol16_191.tif-4,True
LAVENDER,vol16_191.tif-3,True
LAVENDER,vol16_191.tif-2,True
MCKENZIE,vol16_191.tif-1,True
,vol16_018.tif-3,False
LOADE,vol16_018.tif-2,False
LONGMARKET,vol16_018.tif-1,True
MCINTYRE,vol16_018.tif-4,False
CANTEBURY,vol16_240.tif-2,False
,vol16_240.tif-3,False
MOUNT,vol16_240.tif-1,True
OSEFORD,vol16_240.tif-4,False
,vol16_126.tif, vol16_127.tif-,False
SIR LOWRY,vol16_286.tif-1,True
LEE,vol16_286.tif-2,True
SMART,vol16_286.tif-3,True
SACKVILLE,vol16_286.tif-4,False
DARLING,vol16_236.tif-4,True
AYRE,vol16_236.tif-1,True
PARKIN,vol16_236.tif-3,True
GLOUCESTER,vol16_236.tif-2,True
RICHMOND,vol16_358.tif-3,True
,vol16_162.tif-1,False
MILLAN,vol16_298.tif-4,True
TYNE,vol16_162.tif-3,True
HANOVER,vol16_162.tif-2,True
,vol16_298.tif-1,False
CALEDON,vol16_162.tif-4,True
,vol16_298.tif-3,False
PETUNIA,vol16_298.tif-2,False
ECKARD,vol16_251.tif-4,True
BUITENKANT,vol16_251.tif-1,True
LOWER MAIN,vol16_251.tif-2,False
CHATHAM,vol16_251.tif-3,True
WILLIAMS,vol16_004.tif-1,False
DEKORTE,vol16_004.tif-2,False
VAN DE LEUR,vol16_004.tif-3,True
WILLIAMS,vol16_004.tif-4,False
MILAN,vol16_384.tif-4,False
GODFREY,vol16_384.tif-3,True
CORONATION,vol16_384.tif-2,False
WILLIAM,vol16_384.tif-1,True
LONGMARKET,vol16_085.tif-4,True
CONSTITUTION,vol16_085.tif-1,True
VICTORIA,vol16_085.tif-3,False
CONSTITUTION,vol16_085.tif-2,True
ECKHARDT,vol16_168.tif-3,False
ECKHARDT,vol16_168.tif-2,False
RUSSELL,vol16_168.tif-1,True
GLYNN,vol16_168.tif-4,True
TENNANT,vol16_081.tif-1,True
CALEDON,vol16_081.tif-3,True
,vol16_081.tif-2,False
,vol16_081.tif-4,False
SHAUD,vol16_189.tif-4,False
STONE,vol16_067.tif-3,True
WILLIAM,vol16_067.tif-2,True
LAVENDER,vol16_067.tif-4,True
CONSTITUTION,vol16_189.tif-2,True
,vol16_189.tif-3,False
VOGELGESANT,vol16_239.tif-4,False
TENNANT,vol16_239.tif-2,True
VOGELGESANT,vol16_239.tif-3,False
WILLIAM,vol16_239.tif-1,True
DUKE,vol16_352.tif-2,False
MCKENZIE,vol16_352.tif-3,True
,vol16_352.tif-1,False
SHEPPARD,vol16_352.tif-4,True
CANTERBURY,vol16_372.tif-1,False
SIDNEY,vol16_254.tif-4,True
STONE,vol16_254.tif-1,True
SMART,vol16_254.tif-3,True
SMART,vol16_254.tif-2,True
ASPELING,vol16_271.tif-2,True
SALISBURY,vol16_271.tif-3,False
HOSBURGH,vol16_271.tif-1,False
SACKVILLE,vol16_271.tif-4,False
RUSSELL,vol16_349.tif-2,True
SUFFALK,vol16_349.tif-3,False
SACKVILLE,vol16_349.tif-1,False
PONTAC,vol16_349.tif-4,True
DORP,vol16_256.tif-4,False
UPPER CANTERBURY,vol16_256.tif-3,False
RICHMOND,vol16_256.tif-2,True
MCGREGOR,vol16_256.tif-1,False
VIRGINIA,vol16_400.tif-1,True
ROOS,vol16_400.tif-2,True
,vol16_400.tif-3,False
HANOVER,vol16_400.tif-4,True
CONSTITUTION,vol16_149.tif-1,True
BURWOOD,vol16_149.tif-2,False
MILTON,vol16_149.tif-3,False
WILLIAM,vol16_149.tif-4,True
,vol16_201.tif-4a,False
,vol16_201.tif-4b,False
,vol16_284.tif-2,False
GODFREY,vol16_284.tif-3,True
CONSTITUTION,vol16_284.tif-1,True
,vol16_284.tif-4,False
STRAND,vol16_103.tif-4,False
,vol16_103.tif-2,False
TENNANT,vol16_103.tif-3,True
,vol16_103.tif-1,False
STOVE,vol16_181.tif-4,False
NEWMARK,vol16_181.tif-1,False
,vol16_181.tif-2,False
,vol16_181.tif-3,False
COLLEGE,vol16_343.tif-1,True
COLLEGE,vol16_343.tif-2,True
CHATHAM,vol16_343.tif-3,True
WORCESTER,vol16_343.tif-4,True
RICHMOND,vol16_234.tif-4,True
GRANDVIEW,vol16_165.tif-4,False
STIRLING,vol16_366.tif-4,True
STIRLING,vol16_366.tif-3,True
,vol16_366.tif-2,False
ST VINCENT,vol16_366.tif-1,True
MILTON,vol16_363.tif-3,False
,vol16_130.tif-1,False
,vol16_130.tif-2,False
RUGTER,vol16_130.tif-3,False
SORREY,vol16_130.tif-4,False
HIGH,vol16_046.tif-4,True
WINDSOR,vol16_046.tif-2,True
AMSTERDAM,vol16_046.tif-3,False
,vol16_046.tif-1,False
IRENE,vol16_399.tif-1,False
ARENDEL,vol16_140.tif-4,False
WILLIAM,vol16_399.tif-3,True
ALMAR,vol16_399.tif-2,False
PEDERSEN,vol16_140.tif-1,True
STUCKERIS,vol16_399.tif-4,True
SIR LOWRY,vol16_140.tif-3,True
VIRGINA,vol16_140.tif-2,False
ASPELING,vol16_292.tif-4,True
AYRE,vol16_292.tif-3,True
VICTORIA,vol16_292.tif-2,False
SECOND,vol16_292.tif-1,False
ERITH,vol16_388.tif-3,True
CHATHAM,vol16_388.tif-2,True
CHATHAM,vol16_388.tif-1,True
,vol16_388.tif-4,False
UPPER CONSTITUTION,vol16_221.tif-1,True
,vol16_221.tif-3,False
,vol16_221.tif-2,False
CHAPEL,vol16_221.tif-4,True
CONSTITUTION,vol16_375.tif-3,True
,vol16_375.tif-2,False
STONE,vol16_375.tif-1,True
DE VILLIERS,vol16_375.tif-4,True
CANNON,vol16_182.tif-3,True
CHAPEL,vol16_182.tif-2,True
,vol16_182.tif-1,False
RAVENSCRAIG,vol16_249.tif-4,True
COLLEGE,vol16_249.tif-3,True
CENTERBURY,vol16_249.tif-2,False
CENTERBURY,vol16_249.tif-1,False
LAVENDER,vol16_182.tif-4,True
VERNON,vol16_185.tif-1,True
AYRE,vol16_185.tif-2,True
AYRE,vol16_185.tif-3,True
ROOS,vol16_185.tif-4,True
QUEENS,vol16_301.tif-3,False
,vol16_163.tif-4,False
CHAPEL,vol16_263.tif-4,True
,vol16_263.tif-3,False
WRIGHT,vol16_263.tif-2,False
GRAND VIEW,vol16_263.tif-1,False
RICHARD,vol16_163.tif-3,False
PARKIN,vol16_373.tif-1,True
WILLIAM,vol16_134.tif-3,True
,vol16_215.tif-1,False
MAYNARD,vol16_373.tif-3,False
SMART,vol16_215.tif-3,True
LAVENDER,vol16_368.tif-1,True
LEE,vol16_053.tif-1,True
LEE,vol16_053.tif-2,True
MCGREGOR,vol16_053.tif-3,False
CANTERBURY,vol16_053.tif-4,False
QUEEN,vol16_368.tif-4,True
TILBURY,vol16_128.tif-4,True
,vol16_128.tif-3,False
SACKVILLE,vol16_128.tif-2,False
VAN DER MEULEN,vol16_128.tif-1,False
SIDNEY,vol16_307.tif-1,True
WILLIAM,vol16_307.tif-2,True
DUNCAN,vol16_307.tif-3,False
HARRINGTON,vol16_307.tif-4,True
CHATHAM,vol16_371.tif-4,True
,vol16_371.tif-3,False
DUKE,vol16_371.tif-2,False
CALEDON,vol16_371.tif-1,True
ASPELING,vol16_066.tif-4,True
ST JOHN'S,vol16_190.tif-3,False
UPPER CHURCH,vol16_190.tif-1,False
,vol16_287.tif-1,False
SMART,vol16_066.tif-1,True
CHAPEL,vol16_066.tif-2,True
VIRGINIA,vol16_066.tif-3,True
COLLEGE,vol16_311.tif-1,True
ROSE,vol16_311.tif-3,False
IRENE,vol16_311.tif-2,False
VICTORIA,vol16_311.tif-4,False
LEE,vol16_312.tif-4,True
STUCKERIS,vol16_312.tif-2,True
UPPER ASHLEY,vol16_312.tif-3,True
MOUNT,vol16_312.tif-1,True
STERLING,vol16_166.tif-4,False
PROSPECT,vol16_166.tif-1,True
VANDELAUS,vol16_166.tif-3,False
QUEENS,vol16_166.tif-2,False
ASPELING,vol16_242.tif-1,True
MOUNT,vol16_242.tif-2,True
ECKHARDT,vol16_242.tif-3,False
SHEPPARD,vol16_242.tif-4,True
COMBRINK,vol16_339.tif-3,True
MCKENZIE,vol16_339.tif-2,True
ROUWKOP,vol16_339.tif-1,False
COVENTRY,vol16_339.tif-4,False
HANOVER,vol16_205.tif-4,True
VAN DE LEUR,vol16_205.tif-3,True
COMMON,vol16_205.tif-2,False
MCGREGOR,vol16_205.tif-1,False
,vol16_035.tif-4,False
WORCESTER,vol16_082.tif-4,True
CONSTITUTION,vol16_082.tif-2,True
ASPELING,vol16_082.tif-3,True
SACKVILLE,vol16_082.tif-1,False
,vol16_232.tif-1,False
DE VILLIERS,vol16_232.tif-3,True
MOUNT,vol16_232.tif-2,True
LEWIS,vol16_232.tif-4,True
SMART,vol16_187.tif-2,True
,vol16_187.tif-3,False
SPRINGFIELD,vol16_231.tif-4,True
ORMSKIRK,vol16_187.tif-1,False
OFF ALBERT,vol16_231.tif-2,False
GRAND VIEW,vol16_231.tif-3,False
COLLEGE,vol16_187.tif-4,True
HANOVER,vol16_035.tif-1,True
TENANT,vol16_164.tif-4,False
CANTERBURY,vol16_164.tif-3,False
HANOVER,vol16_164.tif-2,True
CHESTER,vol16_164.tif-1,True
IRENE,vol16_063.tif-4,False
AYNE,vol16_063.tif-1,False
JAMIESON,vol16_063.tif-3,False
CONSTITUTION,vol16_063.tif-2,True
BROWN,vol16_183.tif-4,False
BROWN,vol16_183.tif-2,False
BROWN,vol16_183.tif-3,False
HAROLDENE,vol16_183.tif-1,False
KENT,vol16_061.tif-3,True
MARSDEN,vol16_363.tif-4,True
NILE,vol16_363.tif-2,True
WILLIAM,vol16_290.tif-3,True
ROGER,vol16_363.tif-1,True
BRIDGE,vol16_198.tif-2,True
,vol16_198.tif-3,False
BRUNT,vol16_198.tif-1,False
,vol16_198.tif-4,False
,vol16_132.tif-2,False
SUMMER,vol16_132.tif-3,True
RIEBACK,vol16_132.tif-1,False
UPPER HARRINGTON,vol16_132.tif-4,False
JOPPLAN,vol16_336.tif-1,False
DUFF,vol16_336.tif-2,False
,vol16_393.tif-ALL,False
WILLIAM,vol16_290.tif-4,True
GREY,vol16_061.tif-4,False
UPPER ASHLEY,vol16_290.tif-1,True
SMART,vol16_061.tif-2,True
UPPER ASHLEY,vol16_061.tif-1,True
WILLIAM,vol16_290.tif-2,True
,vol16_266.tif-4,False
,vol16_266.tif-2,False
LOCK,vol16_266.tif-3,False
ROELAND,vol16_266.tif-1,True
PEDERSEN,vol16_348.tif-4,True
DE WAAL,vol16_348.tif-3,False
SPRINGFIELD,vol16_348.tif-2,True
SPRINGFIELD,vol16_348.tif-1,True
UPPER ASHLEY,vol16_051.tif-2,True
HARRINGTON,vol16_051.tif-3,True
VAN DE LEUR,vol16_051.tif-1,True
GYMPIE,vol16_051.tif-4,False
LEE,vol16_186.tif-4,True
CANTERBURY,vol16_186.tif-3,False
WILLIAM,vol16_186.tif-2,True
ROGER,vol16_186.tif-1,True
,vol16_120.tif-4,False
UPPER WARWICK,vol16_120.tif-3,False
,vol16_120.tif-2,False
GRAND VIEW,vol16_120.tif-1,False
LEE,vol16_138.tif-1,True
PINE,vol16_138.tif-2,False
CONSTITUTION,vol16_138.tif-3,True
CONSTITUTION,vol16_138.tif-4,True
CANNON,vol16_153.tif-1,True
PARKIN,vol16_153.tif-3,True
JAMISSON,vol16_153.tif-2,False
DUKE,vol16_153.tif-4,False
VAN DE LEUR,vol16_294.tif-1,True
CONSTITUTION,vol16_294.tif-3,True
VAN DE LEUR,vol16_294.tif-2,True
SIDNEY,vol16_294.tif-4,True
CONSTITUTION,vol16_006.tif-2,True
WILLIAM,vol16_006.tif-3,True
HANOVER,vol16_006.tif-1,True
GRAY,vol16_006.tif-4,True
ARMSKIRK,vol16_378.tif-1,False
SIR LOWRY,vol16_285.tif-4,True
LONGMARKET,vol16_285.tif-3,True
DUKE,vol16_285.tif-2,False
MCKENZIE,vol16_285.tif-1,True
WILLIAM,vol16_111.tif-4,True
STONE,vol16_111.tif-3,True
DOVER,vol16_111.tif-2,True
HARRINGTON,vol16_111.tif-1,True
ROELAND,vol16_223.tif-3,True
MOUNT,vol16_223.tif-2,True
LONGMARKET,vol16_223.tif-1,True
BASKET,vol16_223.tif-4,True
MAWSEU,vol16_034.tif-1,False
MARSDEN,vol16_034.tif-3,True
,vol16_034.tif-2,False
STUCKER'S,vol16_034.tif-4,False
CHAPEL,vol16_244.tif-3,True
RIEBACK,vol16_131.tif-4,False
KLAPPERBOS,vol16_097.tif-2,False
SMART,vol16_097.tif-3,True
CANNON,vol16_131.tif-1,True
STONE,vol16_131.tif-3,True
ASPELING,vol16_131.tif-2,True
REFORM,vol16_303.tif-4,True
WILLIAM,vol16_057.tif-3,True
RUSSELL,vol16_303.tif-1,True
RICHMOND,vol16_303.tif-2,True
VIRGINIA,vol16_303.tif-3,True
GOOFFREY,vol16_196.tif-4,False
PONTAC,vol16_174.tif-1,True
RIEBEECK,vol16_174.tif-2,False
WILLIAM,vol16_196.tif-3,True
PEDERSEN,vol16_174.tif-4,True
HANOVER,vol16_099.tif-4,True
,vol16_099.tif-2,False
PIET RETIEF,vol16_099.tif-3,False
KENT,vol16_099.tif-1,True
COLLEGE,vol16_387.tif-1,True
BREE,vol16_387.tif-2,False
HYDE,vol16_387.tif-3,True
GODFREY,vol16_387.tif-4,True
HORSBURG,vol16_258.tif-1,False
DE VILLIER,vol16_258.tif-3,False
PARK,vol16_258.tif-2,False
SPRINGFIELD,vol16_258.tif-4,True
CALEDON,vol16_362.tif-3,True
TENNANT,vol16_052.tif-4,True
LAVENDER,vol16_362.tif-1,True
OSBORNE,vol16_052.tif-1,True
VINE,vol16_052.tif-3,False
WILLIAM,vol16_052.tif-2,True
ALBERT,vol16_246.tif-4,True
DUKE,vol16_360.tif-3,False
RICHMOND,vol16_360.tif-2,True
MORLAND TERRACE,vol16_246.tif-1,False
,vol16_246.tif-2,False
GRAY,vol16_246.tif-3,True
PARKIN,vol16_144.tif-1,True
LAVENDER,vol16_144.tif-3,True
BALMORAL,vol16_144.tif-2,False
WILLIAM,vol16_144.tif-4,True
,vol16_147.tif-4,False
CONSTITUTION,vol16_147.tif-2,True
PRIMROSE,vol16_147.tif-3,True
CONSTITUTION,vol16_147.tif-1,True
ST SISOM,vol16_070.tif-1,False
CALEDON,vol16_070.tif-3,True
De KORTE,vol16_070.tif-2,False
STIRLING,vol16_070.tif-4,True
WICHT,vol16_333.tif-1,True
ARUNDEL,vol16_333.tif-3,True
LOCH,vol16_069.tif-4,True
MOUNT,vol16_069.tif-3,True
WILLIAM,vol16_069.tif-2,True
SACKVILLE,vol16_069.tif-1,False
GRAY,vol16_347.tif-4,True
MOUNT,vol16_347.tif-1,True
HORSTLEY,vol16_347.tif-2,True
PARKIN,vol16_347.tif-3,True
DEKORTE,vol16_017.tif-1,False
LOEH,vol16_017.tif-2,False
LOEH,vol16_017.tif-3,False
BLYMOUTH,vol16_017.tif-4,False
GODFREY,vol16_267.tif-3,True
CAMBRIDGE,vol16_267.tif-2,True
RICHMOND,vol16_267.tif-1,True
STUCKERIS,vol16_267.tif-4,True
JONKET,vol16_265.tif-1,False
BRONEWELL,vol16_265.tif-3,False
LEWIS,vol16_265.tif-2,True
UPPER ASHLEY,vol16_265.tif-4,True
BRIDGE,vol16_214.tif-1,True
NEW CHURCH,vol16_337.tif-4,False
CONSTITUTION,vol16_214.tif-3,True
BRIDGE,vol16_214.tif-2,True
GLOUCESTER,vol16_337.tif-1,True
GRANT,vol16_214.tif-4,False
BROWN,vol16_337.tif-3,False
LONGMARKET,vol16_337.tif-2,True
LONGMARKET,vol16_122.tif-4,True
,vol16_122.tif-1,False
LOADER,vol16_122.tif-3,False
RICHMOND,vol16_122.tif-2,True
BUCHANAN,vol16_282.tif-4,False
KENT,vol16_282.tif-1,True
UPPER ASHLEY,vol16_282.tif-2,True
VAN DER MEULEN,vol16_282.tif-3,False
PARKIN,vol16_021.tif-3,True
LEVER,vol16_021.tif-2,True
SOREY,vol16_021.tif-1,False
LOOP,vol16_021.tif-4,False
QUEEN,vol16_328.tif-4,True
,vol16_114.tif-4,False
ARINDEL,vol16_114.tif-2,False
STIRLING,vol16_114.tif-3,True
SIR LOWRY,vol16_328.tif-3,True
PARLEIN,vol16_114.tif-1,False
CONSTITUTION,vol16_342.tif-4,True
CAMBRIDGE,vol16_342.tif-1,True
MCKENZIE,vol16_342.tif-3,True
CHAPEL,vol16_342.tif-2,True
MILITOUS,vol16_188.tif-1,False
QUEEN'S,vol16_188.tif-3,False
HORSTLEY,vol16_188.tif-2,True
CALEDON,vol16_188.tif-4,True
,vol16_210.tif-4,False
ADAM,vol16_210.tif-1,False
,vol16_210.tif-3,False
ECKARD,vol16_210.tif-2,True
GAY,vol16_357.tif-3,False
STIRLING,vol16_357.tif-2,True
UPPER ASHLEY,vol16_357.tif-1,True
ALBERT,vol16_357.tif-4,True
PLYMOUTH,vol16_380.tif-3,True
KENT,vol16_380.tif-2,True
KENT,vol16_380.tif-1,True
PLYMOUTH,vol16_380.tif-4,True
CHESTER,vol16_025.tif-4,True
ROELAND,vol16_025.tif-3,True
CONSTITUTION,vol16_025.tif-2,True
ELIZABETH,vol16_025.tif-1,False
DORP,vol16_225.tif-4,False
ROGER,vol16_225.tif-1,True
VICTORIA,vol16_225.tif-3,False
ROGER,vol16_225.tif-2,True
PARKIN,vol16_133.tif-4,True
CONSTITUTION,vol16_133.tif-3,True
PARDIN,vol16_133.tif-2,False
ROCHESTER,vol16_133.tif-1,True
DE KORTE,vol16_197.tif-1,True
,vol16_197.tif-3,False
HANOVER,vol16_197.tif-2,True
SIR LOWRY,vol16_197.tif-4,True
SIR LOWRY,vol16_327.tif-4,True
CONSTITUTION,vol16_327.tif-2,True
STIRLING,vol16_327.tif-3,True
DE VILLIERS,vol16_327.tif-1,True
UPPER ASHLEY,vol16_151.tif-3,True
UPPER ASHLEY,vol16_151.tif-2,True
GRAY,vol16_151.tif-1,True
,vol16_151.tif-4,False
KIEWIEBURY,vol16_308.tif-3,False
VERNON,vol16_308.tif-2,True
GYMPIE,vol16_308.tif-1,False
HORSTLEY,vol16_308.tif-4,True
STONE,vol16_274.tif-3,True
STONE,vol16_274.tif-2,True
,vol16_274.tif-1,False
HARRINGTON,vol16_274.tif-4,True
SPRINGFIELD,vol16_316.tif-2,True
ASHLEY,vol16_316.tif-3,True
LAVENDER,vol16_316.tif-1,True
FOURTH,vol16_316.tif-4,False
PARKIN,vol16_293.tif-2,True
SIDNEY,vol16_293.tif-3,True
VAN DE LEUR,vol16_358.tif-2,True
ALBERT,vol16_293.tif-1,True
WILLIAM,vol16_358.tif-4,True
BLOEM,vol16_293.tif-4,False
STIRLING,vol16_320.tif-4,True
VAN DE LEUR,vol16_050.tif-4,True
COFFEE,vol16_050.tif-3,False
COFFEE,vol16_050.tif-2,False
,vol16_050.tif-1,False
VRIENDE,vol16_320.tif-2,False
COFFEE,vol16_036.tif-3,False
REFORM,vol16_036.tif-2,True
SURREY,vol16_036.tif-1,False
CANTERBURY,vol16_036.tif-4,False
CHAMBERLAIN,vol16_381.tif-4,False
PLYMOUTH,vol16_381.tif-2,True
,vol16_381.tif-3,False
PLYMOUTH,vol16_381.tif-1,True
KLEIK,vol16_235.tif-2,False
,vol16_235.tif-3,False
STONE,vol16_235.tif-1,True
VIRGINIA,vol16_235.tif-4,True
OTTERY,vol16_323.tif-2,False
CORONATION,vol16_323.tif-3,False
SMART,vol16_323.tif-1,True
ECKARD,vol16_323.tif-4,True
DE VILLIERS,vol16_280.tif-4,True
,vol16_280.tif-2,False
DE VILLIERS,vol16_280.tif-3,True
PRIMROSE,vol16_280.tif-1,True
LOADER,vol16_202.tif-4,False
ROGER,vol16_202.tif-1,True
CONSTITUTION,vol16_202.tif-2,True
ASPELING,vol16_202.tif-3,True
WINDSOR,vol16_071.tif-1,True
LAVENDER HILL,vol16_071.tif-3,False
ROOS,vol16_115.tif-3,True
ROELAND,vol16_115.tif-2,True
PARKINS,vol16_115.tif-1,False
LAVENDER,vol16_115.tif-4,True
,vol16_117.tif-1,False
CANTERBURY,vol16_117.tif-3,False
CONSTITUTION,vol16_117.tif-2,True
DE VILLIERS,vol16_117.tif-4,True
NILE,vol16_077.tif-2,True
PEDERSEN,vol16_372.tif-2,True
,vol16_372.tif-3,False
LAVENDER,vol16_372.tif-4,True
QUEEN,vol16_372.tif-5,True
CALEDON,vol16_077.tif-1,True
RUSSELL,vol16_201.tif-3,True
COMBRINK,vol16_201.tif-2,True
NILE,vol16_201.tif-1,True
HANOVER,vol16_206.tif-1,True
PROSPECT,vol16_206.tif-2,True
,vol16_206.tif-3,False
SACKVILLE,vol16_206.tif-4,False
WILLIAM,vol16_134.tif-4,True
ECKARD,vol16_301.tif-4,True
WILLIAM,vol16_301.tif-2,True
STONE,vol16_134.tif-1,True
,vol16_134.tif-2,False
,vol16_301.tif-1,False
UPPER NELSON,vol16_203.tif-1,False
ROOS,vol16_203.tif-3,True
CHAPEL,vol16_203.tif-2,True
LEVER,vol16_203.tif-4,True
,vol16_078.tif-1,False
,vol16_078.tif-3,False
,vol16_078.tif-2,False
CANTEBURY,vol16_078.tif-4,False
GLYNN,vol16_341.tif-2,True
HOUT,vol16_341.tif-3,False
BLYTHE,vol16_341.tif-1,True
BLOEMHOF,vol16_341.tif-4,True
WILLIAM,vol16_194.tif-4,True
FIRST,vol16_194.tif-2,False
PARKIN,vol16_194.tif-3,True
ECKHARDT,vol16_194.tif-1,False
CALEDON,vol16_057.tif-4,True
CONSTITUTION,vol16_244.tif-4,True
BARRACK,vol16_244.tif-2,True
MARSDEN,vol16_057.tif-1,True
MOUNT,vol16_057.tif-2,True
SIR LOWRY,vol16_244.tif-1,True
MAPINE,vol16_157.tif-4,False
HORSBURG,vol16_157.tif-1,False
,vol16_157.tif-3,False
CONSTITUTION,vol16_157.tif-2,True
SIR LOWRY,vol16_139.tif-4,True
VREDE,vol16_139.tif-1,False
SPRINGFIELD,vol16_139.tif-3,True
SHEPHERD,vol16_139.tif-2,False
MOUNT,vol16_356.tif-4,True
RUTGER,vol16_356.tif-2,True
VOGELGEZANG,vol16_356.tif-3,False
NEWMARKET,vol16_356.tif-1,False
,vol16_333.tif-4,False
,vol16_170.tif-4,False
DE VILLIEN,vol16_170.tif-1,False
DE VILLIEN,vol16_170.tif-2,False
VANDELAUS,vol16_170.tif-3,False
ROELAND,vol16_178.tif-4,True
CONSTITUTION,vol16_178.tif-1,True
SMART,vol16_178.tif-2,True
STIRLING,vol16_121.tif-2,True
QUEEN,vol16_121.tif-3,True
RUSSELL,vol16_121.tif-1,True
,vol16_121.tif-4,False
HANOVER,vol16_030.tif-4,True
HANOVER,vol16_030.tif-1,True
HANOVER,vol16_030.tif-3,True
MAWSEN,vol16_030.tif-2,False
DE VILLIERS,vol16_219.tif-1,True
WILLIAM,vol16_219.tif-2,True
DE VILLIERS,vol16_219.tif-3,True
NEW CHURCH,vol16_219.tif-4,False
REFORM,vol16_158.tif-4,True
SIR LOWRY,vol16_158.tif-2,True
WILLIAM,vol16_158.tif-3,True
HORSTLEY,vol16_158.tif-1,True
GRAHAM,vol16_304.tif-4,False
GRAY,vol16_304.tif-3,True
RUSSELL,vol16_304.tif-2,True
VICTORIA,vol16_304.tif-1,False
SACKVILLE,vol16_275.tif-4,False
COLLEGE,vol16_275.tif-2,True
CONSTITUTION,vol16_275.tif-3,True
LEWIS,vol16_275.tif-1,True
WICHT,vol16_013.tif-4,True
BRUCE,vol16_013.tif-1,True
,vol16_013.tif-2,False
DEWAAL,vol16_013.tif-3,False
,vol16_143.tif-2,False
WILLIAM,vol16_143.tif-3,True
DUKE,vol16_143.tif-1,False
LONGMARKET,vol16_143.tif-4,True
LAVENDER,vol16_208.tif-4,True
DE VILLIERS,vol16_208.tif-2,True
RUTGER,vol16_208.tif-3,True
DE VILLIERS,vol16_208.tif-1,True
,vol16_105.tif-1,False
SMART,vol16_105.tif-2,True
GRAND VIEW,vol16_199.tif-4,False
RUSSELL,vol16_105.tif-4,True
HORSTLEY,vol16_199.tif-2,True
SPRINGFIELD,vol16_199.tif-1,True
NEWMARKET,vol16_136.tif-4,False
SACKVILLE,vol16_136.tif-2,False
NEWMARKET,vol16_136.tif-3,False
ROOS,vol16_136.tif-1,True
DE VILLIERS,vol16_175.tif-4,True
WILLIAMS,vol16_175.tif-1,False
CONSTITUTION,vol16_175.tif-3,True
BRUCE,vol16_175.tif-2,True
SHULKERIS,vol16_241.tif-4,False
HAMERKOPWY,vol16_241.tif-3,False
RUSSELL,vol16_241.tif-2,True
,vol16_241.tif-1,False
FIRST,vol16_097.tif-1,False
,vol16_040.tif-1,False
DEVILLIERS,vol16_040.tif-2,False
WORCESTER,vol16_040.tif-3,True
LESER,vol16_040.tif-4,False
SHEPPARD,vol16_097.tif-4,True
COFFEE,vol16_055.tif-4,False
TENNANT,vol16_055.tif-2,True
COFFEE,vol16_055.tif-3,False
TENNANT,vol16_055.tif-1,True
TEMATON ROAD,vol16_038.tif-4,False
COFFEE,vol16_038.tif-1,False
,vol16_038.tif-3,False
CONSTITUTION,vol16_038.tif-2,True
,vol16_299.tif-1,False
REFORM,vol16_299.tif-2,True
HORSTLEY,vol16_299.tif-3,True
SACKVILLE,vol16_299.tif-4,False
ADAM,vol16_016.tif-3,False
STIRLING,vol16_016.tif-2,True
DRURY,vol16_379.tif-1,True
UPPER NELSON,vol16_093.tif-4,False
CALEDON,vol16_105.tif-3,True
8TH,vol16_199.tif-3,False
CHAPEL,vol16_003.tif-3,True
RUSSELL,vol16_003.tif-2,True
SELTARK,vol16_003.tif-1,False
CHAPEL,vol16_003.tif-4,True
VERNON,vol16_376.tif-4,True
,vol16_093.tif-3,False
CAMBRIDGE,vol16_376.tif-1,True
WILLIAM,vol16_376.tif-2,True
CONSTITUTION,vol16_376.tif-3,True
QUEENS,vol16_068.tif-2,False
WORCESTER,vol16_068.tif-3,True
GRANT,vol16_068.tif-1,False
ALBERT,vol16_068.tif-4,True
,vol16_067.tif-1,False
REFORM,vol16_189.tif-1,True
RUTGERS,vol16_272.tif-3,False
ADAM,vol16_272.tif-2,False
,vol16_396.tif-2,False
PROSPECT,vol16_355.tif-1,True
ALBERT,vol16_355.tif-3,True
CHYDE,vol16_355.tif-2,False
RUSSELL,vol16_355.tif-4,True
PONTAC,vol16_019.tif-4,True
MCINTYRE,vol16_019.tif-2,False
RICHMOND,vol16_019.tif-3,True
MCINTYRE,vol16_019.tif-1,False
GORE,vol16_391.tif-2,True
MCGREGOR,vol16_391.tif-4,False
BARRACK,vol16_255.tif-1,True
GRAY,vol16_255.tif-2,True
STIRLING,vol16_255.tif-3,True
SPRINGFIELD,vol16_255.tif-4,True
WILLIAM,vol16_396.tif-1,True
HAMILTON,vol16_043.tif-4,False
PRINCESS,vol16_043.tif-2,True
CONSTITUTION,vol16_276.tif-1,True
,vol16_276.tif-3,False
CALEDON,vol16_276.tif-2,True
ALBERT,vol16_276.tif-4,True
RICHMOND,vol16_174.tif-3,True
WILLIAM,vol16_374.tif-1,True
DE VILLIES,vol16_059.tif-2,False
MILTON,vol16_059.tif-3,False
PARKIN,vol16_059.tif-1,True
RICHMOND,vol16_059.tif-4,True
SPRINGFIELD,vol16_253.tif-4,True
CHESTER,vol16_026.tif-1,True
CONSTITUTION,vol16_026.tif-2,True
CANNON,vol16_026.tif-3,True
VERNON,vol16_026.tif-4,True
CHATHAM,vol16_159.tif-4,True
UPPER CONSTITUTION,vol16_176.tif-2,True
UPPER CONSTITUTION,vol16_176.tif-3,True
COWLEY,vol16_176.tif-1,True
STATION,vol16_176.tif-4,False
WILLIAM,vol16_086.tif-2,True
WILLIAM,vol16_086.tif-3,True
WILLIAM,vol16_086.tif-1,True
ROOS,vol16_086.tif-4,True
IRENE,vol16_373.tif-2,False
CALEDON,vol16_390.tif-4,True
LOADER,vol16_390.tif-1,False
KITCHENER,vol16_390.tif-2,False
CHATHAM,vol16_178.tif-3a,True
SHEPPARD,vol16_065.tif-1,True
PRIMROSE,vol16_386.tif-4,True
HANOVER,vol16_386.tif-3,True
SMART,vol16_015.tif-2,True
WILLIAM,vol16_015.tif-3,True
,vol16_089.tif-3,False
ROSE,vol16_015.tif-1,False
ST LEDGER,vol16_089.tif-4,False
,vol16_015.tif-4,False
GODFREY,vol16_332.tif-4,True
CHAPEL,vol16_332.tif-1,True
,vol16_332.tif-2,False
CONSTITUTION,vol16_332.tif-3,True
,vol16_362.tif-2,False
ARUNDEL,vol16_090.tif-3,True
ASPELING,vol16_090.tif-2,True
CONSTITUTION,vol16_090.tif-1,True
ANDERSEN,vol16_090.tif-4,False
WICHT,vol16_096.tif-4,True
VERNON,vol16_096.tif-1,True
MARSDEN,vol16_096.tif-3,True
PROSPECT,vol16_096.tif-2,True
WILLIAM,vol16_362.tif-4,True
CHATHAM,vol16_360.tif-1,True
KENT,vol16_394.tif-1,True
WILLIAM,vol16_394.tif-2,True
CONSTITUTION,vol16_394.tif-3,True
DE VILLIERS,vol16_394.tif-4,True
RUSSELL,vol16_360.tif-4,True
NEW MARKET,vol16_297.tif-4,True
SUFFOLK,vol16_297.tif-2,False
CAMBORNE,vol16_297.tif-3,False
WILLIAM,vol16_297.tif-1,True
LAVENDER,vol16_215.tif-4,True
,vol16_373.tif-4,False
GLOUCESTER,vol16_002.tif-4,True
SACKVILLE,vol16_002.tif-2,False
SPRINGFIELD,vol16_002.tif-3,True
EATON,vol16_215.tif-2,False
HARDING,vol16_002.tif-1,False
SUMMER,vol16_331.tif-2,True
,vol16_331.tif-1,False
IRENE,vol16_072.tif-3,False
LONGMARKET,vol16_072.tif-2,True
PRIMROSE,vol16_072.tif-1,True
,vol16_336.tif-3,False
BROWN,vol16_336.tif-4,False
PRIMROSE,vol16_072.tif-4,True
PROSPECT,vol16_354.tif-4,True
MORENT,vol16_354.tif-1,False
JOHNSON,vol16_354.tif-2,True
PROSPECT,vol16_354.tif-3,True
,vol16_167.tif-1,False
MARRIOTT,vol16_167.tif-2,False
,vol16_167.tif-3,False
CONSTITUTION,vol16_167.tif-4,True
CHURCH,vol16_378.tif-2,False
HORSTLEY,vol16_378.tif-3,True
,vol16_087.tif-4,False
PRIMROSE,vol16_087.tif-3,True
,vol16_087.tif-2,False
SPRINGFIELD,vol16_087.tif-1,True
CLIFTON,vol16_108.tif-1,True
HORSTLEY,vol16_108.tif-3,True
TILBURY,vol16_108.tif-2,True
,vol16_108.tif-4,False
WILLIAM,vol16_395.tif-4,True
LEVER,vol16_395.tif-1,True
,vol16_395.tif-3,False
,vol16_395.tif-2,False
CHAPEL,vol16_098.tif-3,True
DE VILLIERS,vol16_098.tif-2,True
,vol16_098.tif-1,False
MOUNT,vol16_098.tif-4,True
,vol16_216.tif-3,False
,vol16_216.tif-2,False
CROSS,vol16_216.tif-1,True
DE VILLIERS,vol16_216.tif-4,True
SMART,vol16_211.tif-1,True
CALEDON,vol16_211.tif-2,True
SMART,vol16_211.tif-3,True
CALEDON,vol16_211.tif-4,True
RUTGER,vol16_277.tif-4,True
SACKVILLE,vol16_277.tif-1,False
LONGMARKET,vol16_277.tif-2,True
,vol16_277.tif-3,False
SMART,vol16_062.tif-1,True
VREDE,vol16_062.tif-2,False
NILE,vol16_062.tif-3,True
CONSTITUTION,vol16_062.tif-4,True
MOUNT,vol16_016.tif-1,True
,vol16_333.tif-2,False
TENNANT,vol16_102.tif-3,True
CANNON,vol16_102.tif-2,True
ALBERT,vol16_102.tif-1,True
COVENTON,vol16_102.tif-4,False
,vol16_351.tif-4,False
EARTH,vol16_351.tif-1,False
CONSTITUTION,vol16_351.tif-3,True
CHAPEL,vol16_351.tif-2,True
,vol16_226.tif-2,False
DE VILLIERS,vol16_226.tif-3,True
KLIP,vol16_226.tif-1,False
LAVENDER,vol16_226.tif-4,True
DORP,vol16_334.tif-2,False
HANOVER,vol16_334.tif-3,True
ASPELING,vol16_334.tif-1,True
CONSTITUTION,vol16_334.tif-4,True
,vol16_268.tif-1,False
,vol16_268.tif-2,False
,vol16_268.tif-3,False
,vol16_268.tif-4,False
MARRIETTE,vol16_218.tif-4,False
KENT,vol16_379.tif-4,True
CLIFTON,vol16_218.tif-1,True
GRAND VIEW,vol16_379.tif-2,False
CANTERBURY,vol16_218.tif-3,False
CONSTITUTION,vol16_218.tif-2,True
UPPER CONSTITUTION,vol16_047.tif-3,True
CALEDON,vol16_047.tif-2,True
HORSTLEY,vol16_047.tif-1,True
HARRINGTON,vol16_093.tif-1,True
CONSTITUTION,vol16_093.tif-2,True
FRERE,vol16_047.tif-4,True
COWLEY,vol16_353.tif-4,True
PONTAC,vol16_353.tif-3,True
FRANCIS,vol16_353.tif-2,True
PRINCESS,vol16_353.tif-1,True
RUSSELL,vol16_022.tif-4,True
WILLIAM,vol16_272.tif-4,True
BRUCE,vol16_272.tif-1,True
CROSS,vol16_022.tif-1,True
WILLIAM,vol16_022.tif-2,True
WILLIAM,vol16_022.tif-3,True
SYDNEY,vol16_391.tif-1,False
,vol16_391.tif-3,False
UPPER ASHLEY,vol16_094.tif-4,True
COFFEE,vol16_094.tif-3,False
ROBINSON,vol16_094.tif-2,True
HIGH,vol16_094.tif-1,True
CANNON,vol16_330.tif-4,True
,vol16_330.tif-2,False
CANNON,vol16_330.tif-3,True
STIRLING,vol16_330.tif-1,True
HORSTLEY,vol16_213.tif-2,True
,vol16_213.tif-3,False
ROOS,vol16_213.tif-1,True
LOCH,vol16_386.tif-1,True
BRIDGE,vol16_213.tif-4,True
8th,vol16_386.tif-2,False
PRINSON,vol16_270.tif-4,False
STIRLING,vol16_270.tif-3,True
6TH,vol16_270.tif-2,False
WICHT,vol16_270.tif-1,True
,vol16_001.tif-1,False
GLYNN,vol16_001.tif-3,True
STONE,vol16_001.tif-2,True
CALEDON,vol16_001.tif-4,True
ARYE,vol16_217.tif-4,False
,vol16_378.tif-4,False
ARYE,vol16_217.tif-2,False
ARYE,vol16_217.tif-3,False
,vol16_217.tif-1,False
,vol16_101.tif-4,False
STUCKERIS,vol16_101.tif-1,True
,vol16_101.tif-2,False
,vol16_101.tif-3,False
CONSTITUTION,vol16_125.tif-4,True
CANTERBURY,vol16_125.tif-2,False
,vol16_125.tif-3,False
CANTERBURY,vol16_125.tif-1,False
HIGH,vol16_335.tif-4,True
FIFTH,vol16_335.tif-3,False
STIRLING,vol16_335.tif-2,True
ECKARD,vol16_335.tif-1,True
,vol16_302.tif-1,False
CONSTITUTION,vol16_302.tif-3,True
,vol16_302.tif-2,False
CONSTITUTION,vol16_302.tif-4,True
WILLIAM,vol16_257.tif-2,True
WICHT,vol16_257.tif-3,True
REGENT,vol16_257.tif-1,False
CAMBRIDGE,vol16_257.tif-4,True
WICHT,vol16_340.tif-4,True
CANTERBURY,vol16_340.tif-3,False
ROCHESTER,vol16_340.tif-2,True
KEPPEL,vol16_340.tif-1,False
PARLEIN,vol16_044.tif-4,False
LONGMARKET,vol16_382.tif-3,True
FRANCIS,vol16_382.tif-2,True
GODFREY,vol16_044.tif-1,True
HANOVER,vol16_044.tif-2,True
HANOVER,vol16_044.tif-3,True
ADAM,vol16_212.tif-4,False
,vol16_212.tif-3,False
KLIPFONTEIN,vol16_212.tif-2,False
ECKHARDT,vol16_212.tif-1,False
,vol16_247.tif-1,False
WILLIAMS,vol16_247.tif-3,False
UPPER ASHELY,vol16_247.tif-2,False
CANTERBURY,vol16_247.tif-4,False
ESSET,vol16_109.tif-4,False
LEE,vol16_109.tif-1,True
CONSTITUTION,vol16_109.tif-2,True
MILAN,vol16_109.tif-3,False
HARRINGTON,vol16_169.tif-4,True
SPRINGFIELD,vol16_169.tif-2,True
GRANDVIEWS,vol16_169.tif-3,False
,vol16_169.tif-1,False
STIRLING,vol16_365.tif-1,True
WILLIAM,vol16_365.tif-2,True
DUKE,vol16_365.tif-3,False
CLIFTON,vol16_365.tif-4,True
ASPELING,vol16_029.tif-3,True
ALBERT,vol16_029.tif-2,True
CONSTITUTION,vol16_029.tif-1,True
GRAND VUE,vol16_322.tif-4,False
BLYTH,vol16_322.tif-3,False
CONSTITUTION,vol16_322.tif-2,True
,vol16_322.tif-1,False
DEVILLIERS,vol16_029.tif-4,False
LESS,vol16_154.tif-2,False
MCGREGOR,vol16_154.tif-3,False
EATON,vol16_377.tif-3,False
DR ABDURAMAN,vol16_154.tif-1,False
SHEPPARD,vol16_377.tif-4,True
SACKVILLE,vol16_154.tif-4,False
AYRE,vol16_008.tif-4,True
CHATHAM,vol16_374.tif-4,True
CALEDON,vol16_374.tif-2,True
CONSTITUTION,vol16_008.tif-1,True
HORSTLEY,vol16_008.tif-2,True
DEVILLES,vol16_008.tif-3,False
SIR LOWRY,vol16_283.tif-1,True
CALEDON,vol16_283.tif-3,True
SIR LOWRY,vol16_283.tif-2,True
CONSTITUTION,vol16_283.tif-4,True
CONSTITUTION,vol16_278.tif-4,True
NEWMARKET,vol16_278.tif-3,False
MINK,vol16_278.tif-2,False
RUTGER,vol16_278.tif-1,True
PLYMOUTH,vol16_260.tif-1,True
,vol16_260.tif-2,False
RUTGER,vol16_260.tif-3,True
VINE,vol16_260.tif-4,False
,vol16_313.tif-3,False
CAMBRIDGE,vol16_313.tif-2,True
,vol16_313.tif-1,False
UPPER CANTERBURY,vol16_129.tif-1,False
CANTERBURY,vol16_129.tif-4,False
HANOVER,vol16_313.tif-4,True
LOCK,vol16_080.tif-4,False
CONSTITUTION,vol16_080.tif-1,True
SIR LOWRY,vol16_080.tif-2,True
WILLIAM,vol16_080.tif-3,True
,vol16_033.tif-2,False
SMART,vol16_033.tif-3,True
NEW MARKET,vol16_033.tif-1,True
CANTERBURY,vol16_033.tif-4,False
ASPELING,vol16_075.tif-1,True
SPRINGFIELD,vol16_075.tif-2,True
CONSTITUTION,vol16_075.tif-3,True
BALIMORAL,vol16_075.tif-4,True
,vol16_027.tif-4,False
PARKIN,vol16_027.tif-1,True
QUEEN,vol16_027.tif-3,True
,vol16_027.tif-2,False
HARRINGTON,vol16_084.tif-1,True
CHAPEL,vol16_084.tif-2,True
BALMORAL,vol16_084.tif-3,False
ALBERT,vol16_084.tif-4,True
,vol16_049.tif-4,False
ASPELING,vol16_049.tif-1,True
NILE,vol16_049.tif-3,True
HARRINGTON,vol16_049.tif-2,True
,vol16_329.tif-1,False
HARRINGTON,vol16_329.tif-2,True
BEANFORT,vol16_329.tif-3,False
CONSTITUTION,vol16_329.tif-4,True
,vol16_230.tif-3,False
LEE,vol16_230.tif-2,True
KENT,vol16_230.tif-1,True
CALEDON,vol16_317.tif-4,True
YARD,vol16_317.tif-3,False
WILLIAM,vol16_317.tif-2,True
HANOVER,vol16_317.tif-1,True
GYMPIE,vol16_230.tif-4,False
LOCH,vol16_345.tif-4,True
CHAPEL,vol16_345.tif-2,True
LAVENDER,vol16_345.tif-3,True
CHAPEL,vol16_345.tif-1,True
WICHT,vol16_269.tif-4,True
CALEDON,vol16_269.tif-1,True
LOCH,vol16_269.tif-3,True
CLYDE,vol16_269.tif-2,True
CHATHAM,vol16_338.tif-4,True
TENNANT,vol16_338.tif-2,True
,vol16_338.tif-3,False
WILLIAM,vol16_338.tif-1,True
GODFREY,vol16_224.tif-1,True
ROGER,vol16_224.tif-2,True
CALEDON,vol16_224.tif-3,True
CALEDON,vol16_224.tif-4,True
CHAMBERLAIN,vol16_382.tif-1,False
WILLIAMS,vol16_028.tif-4,False
ECKARD,vol16_028.tif-2,True
,vol16_028.tif-3,False
ECKARD,vol16_028.tif-1,True
ASPLING,vol16_165.tif-2,False
PARK,vol16_165.tif-3,False
UPPER CONSTITUTION,vol16_165.tif-1,True
SPRINGFIELD,vol16_234.tif-3,True
CONSTITUTION,vol16_234.tif-2,True
SEVEN OAKS,vol16_234.tif-1,False
OSBORNE,vol16_288.tif-4,True
UPPER ASHLEY,vol16_288.tif-2,True
UPPER ASHLEY,vol16_288.tif-3,True
GYMPIE,vol16_288.tif-1,False
VIRGINIA,vol16_382.tif-4,True
NILE,vol16_095.tif-2,True
STUCKERIS,vol16_095.tif-3,True
,vol16_095.tif-1,False
HORSTLEY,vol16_095.tif-4,True
SACKVILLE,vol16_328.tif-1,False
VIRGINIA,vol16_383.tif-4,True
,vol16_383.tif-1,False
CHAPEL,vol16_383.tif-2,True
CHAPEL,vol16_383.tif-3,True
WILLIAM,vol16_328.tif-2,True
MCGREGOR,vol16_300.tif-3,False
GREY,vol16_300.tif-2,False
EATON,vol16_300.tif-1,False
DE KORTES,vol16_300.tif-4,False
CHATHAM,vol16_359.tif-4,True
CONSTITUTION,vol16_359.tif-1,True
CHATHAM,vol16_359.tif-3,True
CHATHAM,vol16_359.tif-2,True
AYRE,vol16_005.tif-4,True
CALEDON,vol16_005.tif-1,True
YREDE,vol16_005.tif-3,False
COLLEGE,vol16_005.tif-2,True
WILLIAM,vol16_060.tif-2,True
CHESTER,vol16_060.tif-3,True
,vol16_060.tif-1,False
,vol16_060.tif-4,False
,vol16_192.tif-1,False
DE RODES,vol16_192.tif-2,False
WILLIAM,vol16_192.tif-3,True
CALEDON,vol16_192.tif-4,True
DE WAAL,vol16_118.tif-2,False
,vol16_118.tif-3,False
TENNANT,vol16_118.tif-1,True
,vol16_118.tif-4,False
STONE,vol16_245.tif-3,True
LELIEBLOEW,vol16_245.tif-2,False
LAVENDER,vol16_245.tif-1,True
WILLIAM,vol16_245.tif-4,True
PONTAC,vol16_007.tif-4,True
PEDERSEN,vol16_007.tif-3,True
WICHT,vol16_007.tif-2,True
CLIFTON,vol16_007.tif-1,True
ASPELING,vol16_020.tif-4,True
,vol16_058.tif-4,False
WINDSOR,vol16_058.tif-3,True
AYNE,vol16_058.tif-2,False
AYNE,vol16_058.tif-1,False
GRAY,vol16_020.tif-1,True
WILLIAM,vol16_135.tif-1,True
NILE,vol16_077.tif-3,True
OAK,vol16_135.tif-3,True
KITCHEN,vol16_135.tif-2,False
ROOS,vol16_135.tif-4,True
VAN DE LEUR,vol16_077.tif-4,True
PARK,vol16_106.tif-4,False
STONE,vol16_106.tif-3,True
,vol16_106.tif-2,False
,vol16_106.tif-1,False
ROOS,vol16_112.tif-1,True
,vol16_112.tif-2,False
VAN DER LEUR,vol16_112.tif-3,False
CONSTITUTION,vol16_112.tif-4,True
LEWIS,vol16_398.tif-4,True
CANNIN,vol16_398.tif-1,False
STIRLING,vol16_398.tif-2,True
CHESTER,vol16_398.tif-3,True
SMART,vol16_344.tif-3,True
HYDE,vol16_344.tif-2,True
SHEPPARD,vol16_344.tif-1,True
MARIGOLD,vol16_177.tif-4,False
OXFORD,vol16_177.tif-3,True
BROWN,vol16_177.tif-2,False
BRUCE,vol16_177.tif-1,True
,vol16_344.tif-4,False
RUSSELL,vol16_346.tif-1,True
COUST,vol16_346.tif-3,False
WINDSOR,vol16_346.tif-2,True
GODFREY,vol16_346.tif-4,True
ROELAND,vol16_056.tif-1,True
COLLEGE,vol16_056.tif-3,True
,vol16_056.tif-2,False
NAPIER,vol16_056.tif-4,False
DE VILLIERS,vol16_209.tif-3,True
HANOVER,vol16_209.tif-2,True
HANOVER,vol16_209.tif-1,True
SIR LOWRY,vol16_209.tif-4,True
BRYANT,vol16_319.tif-1,False
DUKE,vol16_319.tif-3,False
VREDE,vol16_319.tif-2,False
LONGMARKET,vol16_043.tif-3,True
CHATHAM,vol16_319.tif-4,True
VREDENDAL,vol16_043.tif-1,False
CONSTITUTION,vol16_146.tif-3,True
CHATHAM,vol16_146.tif-2,True
WILLIAM,vol16_146.tif-1,True
CALEDON,vol16_146.tif-4,True
GREY,vol16_104.tif-3,False
STONE,vol16_104.tif-2,True
HANOVER,vol16_289.tif-3,True
,vol16_289.tif-2,False
PLYMOUTH,vol16_289.tif-1,True
STIRLING,vol16_014.tif-4,True
,vol16_014.tif-3,False
QUEEN,vol16_014.tif-2,True
EXNER,vol16_014.tif-1,False
WILLIAM,vol16_289.tif-4,True
ST LEGER,vol16_179.tif-1,False
,vol16_179.tif-3,False
CHESTER,vol16_179.tif-2,True
AMSTERDAM,vol16_179.tif-4,False
HANOVER,vol16_156.tif-1,True
MOUNT,vol16_156.tif-2,True
SIR LOWRY,vol16_156.tif-3,True
CANTERBURY,vol16_156.tif-4,False
LOODS PLEIN,vol16_142.tif-4,False
RUGTER,vol16_142.tif-3,False
CHAPEL,vol16_142.tif-2,True
CANTERBURY,vol16_142.tif-1,False
WILLIAM,vol16_306.tif-4,True
HIERLING,vol16_306.tif-1,False
LEWIS,vol16_306.tif-3,True
ECKHARD,vol16_306.tif-2,False
VAN DE LEUR,vol16_074.tif-4,True
INVERY,vol16_074.tif-1,True
RUSSELL,vol16_074.tif-3,True
GLOUCESTER,vol16_074.tif-2,True
UPPER CONSTITUTION,vol16_220.tif-4,True
LEE,vol16_220.tif-1,True
PLYMOUTH,vol16_220.tif-2,True
,vol16_220.tif-3,False
HORSBERG,vol16_361.tif-4,False
RUSSELL,vol16_361.tif-1,True
CHESTER,vol16_361.tif-2,True
MARSDEN,vol16_361.tif-3,True
STONE,vol16_031.tif-1,True
SIR LOWRY,vol16_031.tif-2,True
DUKE,vol16_031.tif-3,False
COFFEE,vol16_031.tif-4,False
ROELAND,vol16_369.tif-1,True
TENNANT,vol16_369.tif-2,True
STIRLING,vol16_369.tif-3,True
GLYNN,vol16_243.tif-4,True
HARRINGTON,vol16_243.tif-1,True
WILLIAM,vol16_243.tif-3,True
,vol16_243.tif-2,False
UPPER ASHLEY,vol16_385.tif-2,True
MELBOURNE,vol16_385.tif-3,False
STONE,vol16_385.tif-1,True
DEUCHWONK,vol16_385.tif-4,False
,vol16_325.tif-1,False
,vol16_023.tif-1,False
SPRINGFIELD,vol16_023.tif-3,True
VAN DE LEUR,vol16_023.tif-2,True
NULTON,vol16_023.tif-4,False
TOBUIR ROAD,vol16_083.tif-3,False
,vol16_083.tif-2,False
SIR LOWRY,vol16_083.tif-1,True
ALBERT,vol16_172.tif-1,True
SIDNEY,vol16_020.tif-2,True
SACKVILLE,vol16_020.tif-3,False
UPPER ASHLEY,vol16_083.tif-4,True
CLATHAM,vol16_309.tif-4,False
MCKENZIE,vol16_309.tif-2,True
CONSTITUTION,vol16_309.tif-3,True
RAVEMERAIJ,vol16_309.tif-1,False
STUART,vol16_264.tif-4,False
RICHMOND,vol16_104.tif-4,True
OLYMPIC,vol16_104.tif-1,False
VIRGINIA,vol16_264.tif-1,True
ST PHILIP's,vol16_264.tif-2,False
AMSTERDAM,vol16_264.tif-3,False
,vol16_370.tif-2,False
,vol16_370.tif-3,False
,vol16_370.tif-1,False
RUTGER,vol16_370.tif-4,True
CALEDON,vol16_325.tif-4,True
SELBORNE,vol16_172.tif-4,False
CONSTITUTION,vol16_172.tif-2,True
PEDERSEN,vol16_172.tif-3,True
GODFREY,vol16_325.tif-2,True
MILAN,vol16_325.tif-3,False
PEDERSEN,vol16_364.tif-4,True
KITCHENER,vol16_364.tif-1,False
VAN DER LEUR,vol16_364.tif-3,False
CANNON,vol16_364.tif-2,True
DEVILLIERS,vol16_041.tif-4,False
,vol16_041.tif-1,False
VICTORIA,vol16_041.tif-3,False
OAK,vol16_041.tif-2,True
ROELAND,vol16_100.tif-1,True
,vol16_291.tif-1,False
PARKIN,vol16_100.tif-3,True
SELKIRK,vol16_100.tif-2,False
STONE,vol16_291.tif-4,True
,vol16_100.tif-4,False
VINE,vol16_228.tif-4,False
,vol16_011.tif-4,False
RUSSELL,vol16_011.tif-2,True
MCKENZIE,vol16_228.tif-1,True
LEE,vol16_228.tif-2,True
SIDNEY,vol16_011.tif-1,True
,vol16_119.tif-4,False
,vol16_119.tif-3,False
WILLIAM,vol16_119.tif-2,True
CONSTITUTION,vol16_119.tif-1,True
DE VIELIER,vol16_261.tif-4,False
,vol16_261.tif-1,False
DUKE,vol16_261.tif-3,False
PRINCESS,vol16_261.tif-2,True
,vol16_326.tif-3,False
,vol16_326.tif-2,False
PLYMOUTH,vol16_326.tif-1,True
,vol16_326.tif-4,False
SACKVILLE,vol16_321.tif-1,False
STIRLING,vol16_321.tif-2,True
CHATHAM,vol16_321.tif-3,True
ST THOMAS,vol16_321.tif-4,False
ROCHESTER,vol16_252.tif-3,True
BALMORAL,vol16_252.tif-2,False
CALEDON,vol16_252.tif-1,True
WATERKANT,vol16_252.tif-4,False
ELKHARDT,vol16_248.tif-2,False
,vol16_248.tif-3,False
LOCH,vol16_248.tif-1,True
,vol16_248.tif-4,False
PARLEIN,vol16_045.tif-1,False
ROOS,vol16_279.tif-3,True
WILLIAM,vol16_045.tif-3,True
WILLIAM,vol16_045.tif-2,True
ASPELING,vol16_045.tif-4,True
CANNON,vol16_279.tif-4,True
PETERSEN,vol16_324.tif-1,False
DUKE,vol16_324.tif-3,False
,vol16_076.tif-4,False
CHESTER,vol16_076.tif-3,True
SPRINGFIELD,vol16_076.tif-2,True
BALIMORAL,vol16_076.tif-1,True
,vol16_092.tif-1,False
PARK,vol16_092.tif-3,False
OXFORD,vol16_092.tif-2,True
WILLIAM,vol16_092.tif-4,True
,vol16_200.tif-4,False
CHATHAN,vol16_200.tif-2,False
ROCHESTER,vol16_200.tif-3,True
HORSTLEY,vol16_200.tif-1,True
VERNON,vol16_229.tif-1,True
SIR LOWRY,vol16_207.tif-4,True
,vol16_229.tif-3,False
,vol16_229.tif-2,False
NEMESIA,vol16_207.tif-1,False
ECKARD,vol16_229.tif-4,True
11TH AVENUE,vol16_207.tif-3,False
11TH AVENUE,vol16_207.tif-2,False
COFFEE,vol16_152.tif-4,False
CAMBRIDGE,vol16_152.tif-1,True
MCKENZIE,vol16_152.tif-2,True
ROBINSON,vol16_152.tif-3,True
ARUNDEL,vol16_148.tif-4,True
,vol16_148.tif-1,False
DE VILLIERS,vol16_148.tif-3,True
HORSTLEY,vol16_148.tif-2,True
CALEDON,vol16_204.tif-2,True
CALEDON,vol16_204.tif-3,True
,vol16_204.tif-1,False
STIRLING,vol16_204.tif-4,True
QUEEN,vol16_009.tif-1,True
LEE,vol16_009.tif-3,True
UPPER ASHLEY,vol16_009.tif-2,True
ST.PHILLIPS,vol16_009.tif-4,False
CALEDON,vol16_163.tif-1,True
ASPELING,vol16_163.tif-2,True
WILLIAMS,vol16_173.tif-3,False
NILE,vol16_173.tif-2,True
CAMBRIDGE,vol16_173.tif-1,True
PERTH,vol16_173.tif-4,True
,vol16_171.tif-1,False
BEYES,vol16_171.tif-3,False
CONSTITUTION,vol16_171.tif-2,True
TENNANT,vol16_171.tif-4,True
ROBINSON,vol16_035.tif-2,True
VAN DE LEUR,vol16_035.tif-3,True
LEE,vol16_314.tif-1,True
ADAM,vol16_314.tif-2,False
BLYTHE,vol16_314.tif-3,True
,vol16_314.tif-4,False
DENNE,vol16_358.tif-1,False
MILLAN,vol16_291.tif-2,True
HYDE,vol16_291.tif-3,True
BALFOUR,vol16_377.tif-1,True
DUKE,vol16_180.tif-1,False
,vol16_396.tif-3,False
UPPER ASHLEY,vol16_180.tif-3,True
GLOUCESTER,vol16_180.tif-2,True
UPPER ASHLEY,vol16_180.tif-4,True
SECOND,vol16_396.tif-4,False
,vol16_116.tif-4,False
RICHMOND,vol16_377.tif-2,True
LAVENDER,vol16_116.tif-1,True
WILLIAM,vol16_116.tif-2,True
,vol16_116.tif-3,False
DE VILLIERS,vol16_397.tif-4,True
HORSBURG,vol16_397.tif-3,False
DE KORTE,vol16_397.tif-2,True
HIGH,vol16_397.tif-1,True
CALEDON,vol16_088.tif-4,True
UPPER NELSON,vol16_088.tif-1,False
ECKHARD,vol16_088.tif-2,False
WILLIAM,vol16_088.tif-3,True
KIPLING,vol16_231.tif-1,False
RUSSELL,vol16_374.tif-3,True
ROELAND,vol16_010.tif-3,True
ALBERT,vol16_010.tif-2,True
,vol16_010.tif-1,False
GODFREY,vol16_010.tif-4,True
CALEDON,vol16_012.tif-1,True
,vol16_012.tif-3,False
,vol16_012.tif-2,False
GRAY,vol16_012.tif-4,True
STONE,vol16_011.tif-3,True
ROGER,vol16_237.tif-1,True
JOHNSON,vol16_237.tif-2,True
AYRE,vol16_237.tif-3,True
ASHLEY,vol16_237.tif-4,True
DOVER,vol16_228.tif-3,True
PARKIN,vol16_368.tif-3,True
DE VILLIERS,vol16_368.tif-2,True
MOUNT,vol16_367.tif-2,True
HANOVER,vol16_367.tif-3,True
CHURCH,vol16_367.tif-1,False
WEAVER,vol16_367.tif-4,False
UPPER ASHLEY,vol16_184.tif-4,True
OAK,vol16_184.tif-1,True
BALMORAL,vol16_184.tif-3,False
CONSTITUTION,vol16_184.tif-2,True
WISHT,vol16_079.tif-4,False
MCGREGOR,vol16_079.tif-1,False
PRINCESS,vol16_079.tif-2,True
UPPER CONSTITUTION,vol16_079.tif-3,True
FRANCIS,vol16_071.tif-4,True
SACKVILLE,vol16_222.tif-4,False
ADAM,vol16_222.tif-2,False
HIGH,vol16_222.tif-3,True
AYNE,vol16_071.tif-2,False
DE VILLIERS,vol16_222.tif-1,True
ASPELING,vol16_123.tif-1,True
WILLIAM,vol16_123.tif-2,True
,vol16_123.tif-3,False
CALEDON,vol16_123.tif-4,True
ST. VINCENT,vol16_037.tif-4,False
CHAPEL,vol16_379.tif-3,True
,vol16_113.tif-4,False
HARRINGTON,vol16_037.tif-1,True
Dr. ABDARAMAN,vol16_113.tif-1,False
HANOVER,vol16_113.tif-3,True
HANOVER,vol16_113.tif-2,True
WILLIAM,vol16_262.tif-2,True
DE KORTES,vol16_262.tif-3,False
,vol16_262.tif-1,False
WILLIAM,vol16_262.tif-4,True
,vol16_287.tif-3,False
,vol16_160.tif-3,False
,vol16_160.tif-2,False
VICTORIA,vol16_160.tif-1,False
SPRINGFIELD,vol16_160.tif-4,True
ROELAND,vol16_091.tif-4,True
MCINTYRE,vol16_091.tif-2,False
,vol16_091.tif-3,False
OAK,vol16_091.tif-1,True
HANOVER,vol16_107.tif-2,True
KENT,vol16_107.tif-3,True
HARRINGTON,vol16_107.tif-1,True
ASPELING,vol16_107.tif-4,True
COMBRINCK,vol16_159.tif-3,False
,vol16_159.tif-2,False
CALEDON,vol16_159.tif-1,True
CALEDON,vol16_253.tif-2,True
,vol16_253.tif-3,False
STIRLING,vol16_253.tif-1,True
HANOVER,vol16_065.tif-3,True
,vol16_065.tif-2,False
CHATHAM,vol16_178.tif-3b,True
CHATHAM,vol16_178.tif-3c,True
AYRE,vol16_065.tif-4,True
MUIR,vol16_042.tif-2,True
WORCESTER,vol16_042.tif-3,True
SIRDOWRY,vol16_042.tif-1,False
WILLIAM,vol16_042.tif-4,True
MILTON,vol16_281.tif-3,False
CONSTITUTION,vol16_281.tif-2,True
DE VILLIERS,vol16_281.tif-1,True
,vol16_281.tif-4,False
,vol16_350.tif-1,False
PEDERSEN,vol16_350.tif-2,True
RUTGER,vol16_350.tif-3,True
CONSTITUTION,vol16_350.tif-4,True
PRINCESS,vol16_227.tif-4,True
PLYMOUTH,vol16_227.tif-3,True
GRAY,vol16_227.tif-2,True
CONSTITUTION,vol16_227.tif-1,True
PROSPECT,vol16_039.tif-1,True
ROGER,vol16_039.tif-2,True
ROGER,vol16_039.tif-3,True
JOHNS,vol16_039.tif-4,False
STIRLING,vol16_129.tif-2,True
PRIMROSE,vol16_129.tif-3,True
CONSTITUTION,vol16_024.tif-2,True
DEVILLES,vol16_024.tif-3,False
STONE,vol16_024.tif-1,True
TILBURY,vol16_024.tif-4,True
TENNANT,vol16_279.tif-2,True
ROGER,vol16_073.tif-4,True
ASPELING,vol16_073.tif-2,True
,vol16_073.tif-3,False
PONTIAC,vol16_073.tif-1,False
,vol16_273.tif-1,False
DUKE,vol16_273.tif-2,False
,vol16_273.tif-3,False
UPPER CANTEBURY,vol16_273.tif-4,False
CALLEGE,vol16_310.tif-4,False
CLATHAM,vol16_310.tif-1,False
DE VILLIER,vol16_310.tif-2,False
CALLEGE,vol16_310.tif-3,False
UPPER CHURCH,vol16_190.tif-2,False
JAMISON,vol16_287.tif-4,False
MCKENZIE,vol16_190.tif-4,True
RUSSELL,vol16_287.tif-2,True
ROCHESTER,vol16_161.tif-3,True
CROSS,vol16_141.tif-1,True
COFFEE,vol16_141.tif-2,False
WATERLOO,vol16_141.tif-3,True
LION,vol16_141.tif-4,False
,vol16_161.tif-1,False
CHAPEL,vol16_279.tif-1,True
,vol16_320.tif-1,False
SPRINGFELD,vol16_296.tif-3,False
QUEEN,vol16_296.tif-2,True
,vol16_296.tif-1,False
ARUNDEL,vol16_296.tif-4,True
AYRE,vol16_233.tif-4,True
LEWIS,vol16_233.tif-1,True
CALEDON,vol16_233.tif-2,True
LONGMARKET,vol16_233.tif-3,True
GODFREY,vol16_150.tif-4,True
DE VILLIERS,vol16_150.tif-2,True
SIR LOWRY,vol16_150.tif-3,True
SPRINGFIELD,vol16_150.tif-1,True
SIR LOWRY,vol16_320.tif-3,True
CANTERBURY,vol16_389.tif-4,False
GODFREY,vol16_389.tif-2,True
CALEDON,vol16_389.tif-3,True
KENT,vol16_389.tif-1,True
,vol16_110.tif-2,False
GRAND VUE,vol16_110.tif-3,False
COMBRINCK,vol16_110.tif-1,False
RAVENSCRAIG,vol16_110.tif-4,True
STONE,vol16_324.tif-2,True
MOUNT,vol16_324.tif-4,True
JOHNSON,vol16_250.tif-1,True
RIEBECK,vol16_250.tif-3,False
,vol16_250.tif-2,False
ECKARDT,vol16_250.tif-4,False
,vol16_195.tif-3,False
,vol16_195.tif-2,False
,vol16_195.tif-1,False
DORP,vol16_390.tif-3,False
CANTERBURY,vol16_037.tif-2,False
CALEDON,vol16_037.tif-3,True
STONE,vol16_195.tif-4,True
CONSTITUTION,vol16_193.tif-4,True
SACKVILLE,vol16_193.tif-1,False
,vol16_193.tif-3,False
CAMBRIDGE,vol16_193.tif-2,True
DE VILLIERS,vol16_318.tif-4,True
ASPELING,vol16_161.tif-4,True
FRERE,vol16_161.tif-2,True
SACKVILLE,vol16_318.tif-1,False
LOCK,vol16_318.tif-2,False
BROWN,vol16_318.tif-3,False
